contents,point
"개맛있다
문제 : 면이 빨리 불어요 어차피 빨리 나오니까 추가할 거면 이따 시키세요",5
"정말 맛있어요. 
일본에서 먹던 맛을 살리면서도 한국인 입맛도 만족시켜주는 곳입니다. 
면과 국물 무한리필이라서 푸짐하게 드실 분들도 만족하실 겁니다. 
내부 인테리어도 레트로풍으로 잘 되어 있습니다. ",5
"국물의 깊이, 얇은 면, 향이 진한 차슈, 그외의 토핑들 그리고 무한리필. 저는 이곳의 부추김치에 환장합니다. 라멘과 정말 잘 어울리는 부추김치가 사람 미치게 만들어요. 꼭 가보셔서 리필해가며 드시고 부추김치와 곁들여 드시길 바랍니다. ",5
맛있더라ㅋㅋ 근데 조금 비싸더랑,5
너무 웨이팅이 길어요..노답..,3
"요리에 진심인 사장님과 직원들
개선의견을 적극 반영하는 자세...  최고 라멘집.",5
지나가다 우연히 들어왔는데 라멘 찐 맛집이네용 맛있게 먹었습니당,5
"⭐️이중 웨이팅. 캐치테이블 1차, 주문 후 2차
15분 정도 추가 대기함. 

라멘 자체는 굉장히 깔끔한 맛! 깊고 진한 맛은 아님. 그래도 준수한 편

근데 라멘이랑 부추김치랑 안 어울림..유자랑 부추 둘 다 향이 강한데 고춧가루를 넣은 김치니ㅠ그리고 차슈가 살짝 태운 한방수육에 가까움. 그래서 차슈랑 부추김치랑 먹으면 맛있음ㅋㅋ면, 육수 추가 가능해서 가성비 괜찮다고 봄. ",4
,4
맑고 산뜻한걸 알겠으나  인상찌푸려질정도로 짜던데. 웨이팅 하고나서 제일 실망한집. 차슈도 냄새났음.,1
,4
호불호가 갈리는 라멘,3
,5
토요일4시반에 가서 웨이팅없었음. 이런집은 애매한 시간을 노리시라~~ 그치만 딱히 맛집이라기엔...국물이 너무 맑은편,3
"평일저녁인데도 웨이팅이 너무 길어요 ㅠㅠ
맛은 건강하고 재료의 풍미를 잘 살린 라멘입니다.",5
엄청난 웨이팅을 감수할만한 서울역 체고조넘 라멘 맛집,5
지나갈 때마다 사람 많아서 항상 궁금했었는데 맛있긴 진짜 맛있네요.. 적당히 기름지고 맛있음 근데 차슈가 진짜 미친 개맛도리👍  차슈추가 무조건!!!,5
"유즈시오라멘...* 
: 국물이 밍숭맹숭하다(합격) 
국물안짜서 드링킹 가능!
그리고 국물에서 유자맛이 나긴 나는데 인위적인 향이 나는게 아니고 신맛이 가미된 느낌이라 
잘 어울리고 맛있다! 
왜 사람 많은지 알겠다..
그리고 김치가 맛있다.. 김치 리필 3번함
이 집이 오래가는건 김치가 맛있기 때문
가라아게도 시켰는데 바삭바삭하이 튀김껍질 얇아서 더 좋았다",5
"호불호가 갈릴수도 있지만.
무난한 시오라멘에 산뜻하고 
색다른 변화를 주는 유자즙의 맛이 좋았어요.

매운맛은 진순이도 먹을수 있는 맛입니다.
먹다보면 약간 누적되는
입안에 약간 은은하게 매콤?함이 남는 맵기에요.

--‐‐----------------

개인적으로 아쉬웠던건, 
라멘의 느끼한 맛을 산뜻하게 
씻어줄 수 있는 락교, 초생강이 없고 
부추김치만 있었다는 점 입니다. 

대다수의 한국인 입맛에는 김치가 맞을수있겠지만, 
초생강이 많이 땡기는 맛이에요...

칼국수맛집의 배추김치와 같이 잘 어울리거나 
특별히 맛있는 김치도 아니였고.

저에게는 유자즙을 넣은 산뜩한 라멘을 먹는데.
마늘,고춧가루가 들어가 숨 죽은 
그저그런 맛의 부추김치는
라멘맛을 좀 헤쳤어요.
단가문제인건지, 느끼하다고 무조건 김치를 외쳐대는 고객층 때문인지는 모르겠지만.

선택지가 부추김치만 있는부분이
유명한 맛집임에도 아쉬운점이에요. 

--------

유자즙은 소금 넣듯이 조금씩 넣으며,
입맛에 맞는 농도를 찾아보심을 추천합니다.
넣어보고 아니다 싶으면 국물 추가 요청해서 희석해서 드셔보세요.
",5
차슈가 맛있고 국물은 깔끔한 맛으로 먹을만하긴 했는데 너무 기대해서 그런가&bull;&bull;&bull; 기대했던 것보단 별로였고 국물에서 유자향이 나는 게 살짝 낯설었음,3
"시오라멘의 담벡함 유자향이 정말 미쳤습니다.
담엔 소유라멘도 먹어보고 싶네요.",5
"인생 탑5에 꼽는 라멘. 깊지만 산뜻하고 유자 향이 자연스럽게 묻어난 풍미 있는 맛. 줄은 길지만 면, 육수 리필 가능하고 친절하다.",5
라멘 국물이 유자향 때문에 호불호가 갈릴 수 있습니다. 그것만 아니면 괜찮은 라멘집이라 생각됩니다. 이 집의 다른 장점은 면과 국물 무한 제공보다도 사이드메뉴 퀄리티입니다. 어지간한 이자카야보다 카라아게가 더 나았습니다.,4
웨이팅이 좀 괴롭지만 맛있음^0^,5
,5
"맛이 없는건 아닌데 웨이팅1시간까지 기다릴 맛은 전혀아님
그러나 면, 육수 리필되는거는 장점이긴한듯",3
이 동네 살면서 이 맛을 이제서야 알다니 억웅해,5
오랜 시간 줄 서서 기다린 보람있는 맛👍 라멘 굿물 맛 계속 생각나는데 줄이 너무 길어서 사실 또 가기 쉽지 않을 듯 합니다 ㅠㅠ 치킨가라아케도 맛남👍👍,5
"낯선 유자라멘의 풍미가 미쳤어요...
먹어본 라멘중에서 두 번째로 맛있습니다.",5
분위기가 매우 아늑했어요.,4
음식이 신선하고 맛있었어요.,5
음식의 질과 서비스 모두 만족스러웠어요.,5
분위기와 음식 모두 만족스러웠어요.,4
다시 가고 싶은 마음이 들게 하는 식당입니다.,5
진짜 면이 살아있어요,5
"느끼한걸 별로 안좋아해서 라멘을 잘안먹는 편이었습니다 예전에 서울역에 볼 일이 있어서 들림김에 맛있는 식사가 하고 싶어서 찾았던 곳인데 정말 정말 맛있습니다.
시오라멘이라 담백한데 상큼한 유자 맛이 가미되어 더욱 깔끔한 맛을 냅니다.
오늘은 낮맥도 땡기는 날이라 맥주를 주문하는 김에 가라아게도 시켜봤는데 겉은 바삭하면서 살짝 쫄깃하고 튀김 옷 안에 닭고기 육즙이 가득하며 허벅지 살의 부드러운 결이 잘느껴졌습니다.
왠만해서 이렇게 길게 리뷰를 잘안남기는데 정말 좋아하는 곳이라 할 말이 많네요..ㅎㅎ
항상 웨이팅 30분 이상씩 하지만 시간 아깝지 않습니다 
기회가 되신다면 꼭 가보세요!",5
,4
,4
"이 근방에서는 두툼과 더불어 최고로 인기가 많은 맛집, 절묘한 국물맛은 감동입니다. 요즘 상위권 맛집이 그렇듯 웨이팅 압박이 단점 아닌 단점.",4
,5
라멘 러번데 여기 찐 라멘 맛집 인정~~ 조만간 재방문예정,5
유즈라멘은 처음 먹어보는데 신선하면서도 정말 맛있네요.,5
라멘은 오랜만에 먹는데 일본에서 먹던 그 맛이었어요.,5
유즈라멘먹고 일본라멘이 좋아졌어요. 조만간 또 방문할게요~,5
"그럭저럭 괜찮아요
근데 차슈추가 비싼데 양이 너무 적어요",4
국물도 진한데 면발이 진짜 쫄깃하고 맛있어요 &gt;_&lt;,5
라멘안좋아했는데 여기껀 국물면발 다 굿굿,5
한 번씩 웨이팅해서라도 먹고싶은 깔끔한 라멘,5
"가격이 비싸고, 제 입맛에는 너무 안맞았습니다
유자향이랑 라멘이랑 안어울렸어요
하지만 제 주변에 앉은 분들은 만족하면서 드시는 걸 보니 저만 별로였던 것 같아요",2
"가성비도 좋고 메뉴도 다양하며, 음식들 퀄리티가 높아서 맛있게 잘 먹고 왔습니다.",5
가성비도 좋고 친절해서 좋아요 ㅎㅎ 자주 갈게요,5
요즘 최애라면집. 기본 충실하고 메뉴도 많아서 좋음,5
"웨이팅만 힘들지 않다면 매일 오고 싶은 곳 ㅠㅠ
여기보다 맛있는 라멘집은 아직 만나지 못함.
특히 차슈가 정말 맛있음.
직원분들도 친절하고 면과 육수 계속 리필되는 것도 좋음.
가격도 괜찮은 편.",5
"사진-유즈시오라멘 ,치킨 가라아게
가라아게는 부드럽고레몬이 생각보다 잘어울립니다
시오라멘은 유자추가해서먹는게 확실히 덜느끼해서 좋았습니다 루꼴라 추가하는게있으면 좀더 느끼함 잘잡아줄듯?

시설 시원하고 깨끗 + 자리가 좁은대신 각테이블마다 가방이나 짐놓을 수있는 바구니가 있어서 편의성 굿
재방문의사 O",5
국물이 진하고 면발도 굿임👍🏻 갠적으로 인생라멘집임,5
유자의 맛이 감칠맛 나게 엄청 맛있습니다^^,5
면킬러라 라멘집 진짜 많이 다녔는데 여기도 탑순위 안에 들 정도로 맛있었어요 국물맛이 느끼하지 않고 시원한게 계속 들어갔어요,5
대기가 길지만 마싯슴,4
"너무 맛있음 😋😋😋
면추가가 공짜라 좋음",5
매운음식 잘 못먹는데 매운라멘도 맛있더라고요! 담백 든든!,5
여기 라멘이 일본에서 먹었던것보다 더 맛있는집이예요 굿굿,5
,5
,5
"이거참 맛집이로세
캐치테이블하면 웨이팅도할만하고 닭육수 깔끔하고 차슈튼실하고 면도 꼬돌하니 리필 필수❤️ 시오라멘 유자추가도 굿",5
라멘집중 원탑🫶🏻🫶🏻🫶🏻,5
직원분들이 친절하시고 맛도최고임,5
색다른 맛의 유자맛 라멘 맛있다,4
"오랫만에 맛나게 먹은 라멘(시오라멘, 매운시오라멘) 웨이팅 보람있었어.
맛없는 집은 리뷰안달고 문제있는 집 정보차원으로 리뷰달고.
치킨가라아게 수제느낌 확실하고 너무 맛남.
더워지면 웨이팅 힘드니 봄, 가을 자주 가야지.",5
유즈시오라멘 매운맛 강추,5
몬가 어색한 조합으로 생각했눈데 안질리고 계속 들어가여,5
맛도 좋고 가성비도 좋은 찐 라멘 맛집이에요!!!,5
"- 첫 방문: 유즈시오라멘
상큼한 유자향 + 맑은 육수 + 루꼴라 조합이 아주 신선했음! 차슈랑 반숙계란도 맛있었음
중간에 면 반 개에 육수 추가해서 먹으니까 새 음식이 되어서 아주 좋았음 ヽ(&acute;&forall;｀●)ノ

- 두 번째 방문: 🌼매운유즈시오라멘🌼
쇼유라멘도 맛있긴 했으나 일행들과 골고루 맛본 결과 만장일치로 결정! 앞으로는 요거다",5
매운 게 더 맛있어요,5
,5
매운유즈소유 라멘이랑 츠케멘 먹었는데 진짜 맛있음,5
갑작스럽게 혼밥하는데 완전 좋더라구요,5
"여기 맛있음요 ㅋㅋㅋ 
언니가 추천해줘서 알게 된곳인데 혼자서도 자주 가고 있어요.",5
혼밥으로도 먹기 나쁘지 않아요. 웨이팅이 있으니 미리 걸어두는걸 추천합니다.,4
여기 라멘맛집이네요 손님이 많은 이율 알겠어요^^,5
"메인인 유즈시오라멘 먹었는데 챠슈 존맛탱이라고해서 추가했는데 후회안함,,, 이미 유자가 좀 들어간탓에 중간에 조금 더 넣으니 유자향이 너무강해져서 처음 그대로 쭉 먹는게 나앗을수도! 하지만 완그릇👍",4
유즈시오라멘 먹었는데 최고최고!! 다른 메뉴들도 다 먹어보려고요~,5
웨이팅만 없으면 참 좋을텐데.. 달마다 가는곳,5
국물맛 진짜 대박! 와~ 앞으로 라멘은 여기서 먹는거로!!,5
라멘 찐 맛집 드디어 찾았네요! 끝내줍니다~,5
라멘 먹고싶을때 달려갑니다ㅋ 너무 맛있어요,5
"그냥 말할 것 없다 맛있다
처음에는 가격도 조금 나가나보다 생각했는데
면하고 육수 1회 리필이라 가격도 괜찮다 생각했다

청결? 다른 라멘집 간데에 비하면 진짜 좋은 편
유자를 넣어 차별성도 있는 라멘집이였다

대기줄이 많아서 좀 아쉬웠지만 그만큼 가볼 만 한 곳이긴 했다",5
종류가 많아서 좋아요,5
맛있는건 맞는데 만점을 주기엔 다른 맛있는 라멘집도 많다,4
맛나요~ ,4
국물맛이 좋아요 면발도 잘어울려서 혼밥하러 자주와요~ 라멘은 유즈라멘,5
개인적으로는 안국점이 컨셉도 그렇고 매장청결도나 여러가지 측면에서 나은듯.. 하지만 그럼에도 불구하고 유즈라멘이기에..,4
맛있게 잘 먹었습니다~ 다음에 또 올게요~,5
"두번째 방문이었어요!
처음 방문했을 때 너무 맛있어서 한번 더 방문해야겠다고 찜해놨었는데 1년 반 지난 지금에도 너무 맛있네요ㅠ🥹 차슈도 엄청 두툼하고 부드럽고, 얇은 면 좋아하는 사람들에게 딱이에요ㅎㅎ",5
국물이 계속 생각나네요ㅠㅠㅠㅠㅠ 진짜 맛있어요 꼭 드세요ㅋㅋ 추천,5
우리나라에서 제일 맛있게 먹은 라면집:&gt; 면이랑 육수 추가되어서 완전 든든함 :&gt;,5
"여기, 라멘에 감동을 담다.
반오십(가까이) 살았지만 누구에게나 부담없이 추천할 수 있는 라멘집 딱 하나를 고르자면 이곳 유즈라멘입니다.
담백한 시오라멘 국물과 진짜 맛있는 면을 유자와 루꼴라(인것같음)가 깔끔하게 받쳐 줍니다. 이베리코 차슈는 그 자체로 별미이고 일본 현지 느낌의 가라아게에 레몬즙을 살짝 얹으면 입 안이 황홀합니다.
상당합니다 이곳.
친구와 주기적으로 방문하기로 했습니다. 왠 그지같은 놈이 구석에서 라멘 먹고있으면 저입니다...",5
라멘에 유자라니!! 정말 잘 어울려요~ 개인적으로 맑은 라멘이 더 맛있는거 같아요~ 면 느낌도 너무 좋구 차슈도 야들거려서 맛있었습니다~ 또 오겠습니다~&gt;&lt;,5
어떻게 유자랑 라멘이 이토록 어울리는것이죠 ,5
시오짱,5
,4
,5
"캐치테이블로 웨이팅도 돼서 편함.
근데 진짜 맛있다. 매우 깔끔함",4
맛있긴함~~,5
,5
"유자라멘 맛있어요~
직원분들도 친절하고 분위기 좋아요~",5
"매운유즈시오, 매운유즈쇼유 라멘을 먹었습니다. 
호불호가 갈리는 유자맛과 향이 저에게는 맞지 않았습니다. 깊이 있고 훌륭한 국물을 유자가 다 덮어버려 매력을 반감시키는 느낌을 받았습니다. 루꼴라 역시 생소한 조합이라 어우러진다기 보다 따로 노는 것 같았습니다. 추가해서 받은 맑은 육수가 깊고 매력적이라 유자와 매운 양념에 묻힌게 아쉬울 정도 였습니다. 별개로 인테리어와 접대는 아주 좋았습니다.",3
"저는 일본인인데 평가를 보고 기대를 해서 가봤습니다~
분위기는 좋았으나 유즈시오를 시켜봤는데 일본에 없는 맛이라 그런지 맛은 저한테는 좀 그랬었어요. ㅠㅠ
뭔가 한국분들의 입맛의 잘 맞는 맛인가보네요
저는 이 라멘에 토리가라스프?(鶏がらスープ) 같은 요소가 들어 있었으면 맛이 괜찮아질 것 같아요..!!",2
비싼데 맛도 그닥. ,2
"기존에 간 라멘집이랑 비슷하겠지 생각했는데 여긴 달랐음
향긋한 유자 향이랑 라멘이랑 이렇게 어울리면서 맛있을 줄 몰랐음&hellip; 유즈시오라멘이랑 매운유즈쇼유라멘, 가라아게 시켰는데 라멘이 존맛
처음에 먹었을 땐 매운유즈쇼유가 더 맛있는 것 같았는데 점점 먹을수록 유즈시오가 담백하고 더 기본에 충실한 육수라 너무너무 맛있었음 가라아게는 쏘쏘
39팀 기다리는데 45분 정도 대기한듯 가는 시간 맞춰서 테이블링로 웨이팅 걸어놓으면 ㄱㅊ",5
,4
1시간 기다려서 먹을 맛은 아닌데 대기없이 한번쯤 먹어볼만해요. 저는 앞에있는 유자 국물 추가해서 먹었어요. 가격 만원에 대기 20분정도가 적당한듯ㅋㅋ,4
"*주문한메뉴 1.매운유즈시오라멘 2.유즈쇼유라멘 3.가라아게(4조각나와요)
*하나는 소금베이스, 하나는 간장베이스로 시켜서 둘이서 다녀왔습니다. 라멘 둘 다 해장하고싶은 기분이 드는 개운한 맛이에요. 다시 올꺼같아요~ ",5
,5
,5
몇 번 갔는데 직원분들도 항상 친절하고 항상 맛있어요,5
그냥 최악임 맛도 중요하지만 둘째는 직원듳 서비스마인드라고생각함 맛은 평범 서비스마인드 춰악 기분싱헤사 가고싶지않음,1
,3
"주문 실수가 잦아요.방문할 때 마다 먹다보면 한두번씩 꼭 있더라구요.ㅋㅋㅋㅋ
근데..친절하고 맛있어서 갑니다
저만 가게 오지마세요",5
,4
국물한입하면 뜨끈한 유자향 바로느껴지는 든든한 라멘,4
"서울역 갈일있다가 우연히 카카오  평이  좋아 30분대기하고 먹었는데 ㅇㅅㅇ이게 진짜 줄까지 서야할 맛인가요ㅠㅠ 저희동네 라멘집이 더 맛있는데 ㅇㅅㅇ
면도 밀가루냄새나고 부드럽지도않고..,
기본반찬 부추파김치?랑 라멘에 든 차슈는 존맛이였어요.",2
"서울역 오셨으면 다들 들렸다 가세요. (단 웨이팅 어플 미리 등록하고 가시길. 안그러면 평일에도 1시간 넘게 웨이킹 가능함 ㅠㅠ) 
아 면 무료 리필가능이었어요! 그리고 분위기도 아늑하고 좋아요. 1~2인이 가면 제일 좋고, 단체로는 자리가 안나와서 힘들듯요 ㅇㅇ",4
"Took a little bit of a wait, but the service was fast and the ramen good!",4
,5
난 잘 모르겠더라,2
"일년에 2-3번 업무상 일본에 다녀오는데
여기 진짜 맛집입니다
가격은 비싼게 좀 아쉽지만 어쩔수없이 먹으러 갑니다",5
,5
,5
"Anyone who gives this place 1 star is CRAZY. It&rsquo;s reasonably priced and the quality is better than some authentic Japanese restaurants. Plus, free refills on broth and ramen??????? Take my money! Yeah, there can be a waiting line. But if you go during peak hours and bring your whole family that&rsquo;s just on you bro 🤷&zwj;♂️womp womp",5
,5
"차슈도 일반 라멘집 차슈랑 달라서 좋았습니다.
면발도 얇고 고명들이랑 같이 먹으니까 너무 맛있었습니다
매운시오유즈라멘을 시켰는데 국물에서 깊은 맛이 느껴지지 않아 아쉬웠습니다.
웨이팅이 많이 길기는 하지만 한번쯤 가볼만 합니다.",4
,5
또 먹고싶다,5
라멘 별로 안 좋아하는데 여기 라멘은 맛이 깔끔함,5
"맛도 좋고 리필돼서 가성비도 좋아요. 줄이 긴게 흠이긴 한데, 대기석도 잘 마련되어있고 테이블링 됩니다.",5
,4
기복없이 맛있음,5
"부추김치가 맛있어요 차슈도 완전 맛있움
국물도 맛있고 좋아요 최고",5
"유자시오라멘이랑 부추김치인가 같이 먹으면 무한흡입가능
웨이팅하는 곳도 따로 있어서 괜찮아용",5
유자향 라멘. 특색 있는 라멘이 먹고 싶다면!,4
,4
,5
진짜 색다르고 맛있어요!! 아쉬운건 웨이팅 길다는 점..,5
웨이팅이 종종 있지만 감수하고 먹을 수 있을 만큼 맛집입니다. 가격도 준수하고 리필도 되니 양도 걱정하지 않아도 되고요,5
웨이팅 긴 맛집인데 손님에게 친절히 대하는 식당이라 더 좋아요! 생맥주 추천합니다,5
역시 라멘은 서울이맞다 웨이팅 조심,5
"유즈 시오라멘 - 유자 소스를 곁들여 먹는게 생소하고 처음 접해보는 맛이었지만 유자의 산미랑 육수가 잘어울렸어요. 차슈 퀄리티도 훌륭했고, 유자소스에 찍어먹는게 생각보다 별미입니다. 면빨은 얇고 꼬들꼬들한 식감이었습니다. 잘먹었습니다.",5
맛있음,5
,1
,5
어찌보면 흔한 라면중 하나일수 있는데 유자향이 신선했어요,5
깔끔한 맛,5
,5
"이 집만의 확실한 아이덴티티가 있습니다. 함께 곁들여진 빨간색 새콤한 소스와 야채 건더기의 향이 좋네요. 특히 유자소스의 산뜻한 풍미가 포인트입니다. 면발도 합격. 부추김치도 존맛

차슈로 돼지고기 목살 한덩이가 들어가니 단가가 높은 점은 이해를 합니다만, 저는 일반 차슈가 더 맛있네요. 고기가 삶아져서 부드럽고 흐물해서 딱히 또렷한 식감이랄게 없더군요.",3
"왜 줄서서까지 먹는지 너무 이해했습니다
면이 얇고 너무 맛있습니다
유자가 들어갔다고 해서 유자 향이 강할줄 알아서 걱정했는데
유자 향은 은은하게 나면서 전체 맛과 조화를 이뤄서 좋았습니다
또 한번 더 가서 매운시오라멘도 먹어보고 싶습니다",5
새로운 맛집 개척하는 걸 좋아하는데 유즈시오라멘 다시 먹으러 한달 내에 두 번 갔었습니다. 분명히 특이하고 다른 라멘집에서 먹기 어려운 맛인데 맛있어요. 추천.,5
5점 준다. 특유의 두툼한 차슈가 매력적. 웨이팅 눈치 싸움 필수.,5
"깔끔하고 담백한 육수에 은은한 유자향이 끝에 잠깐 존재감을 드러냈다 사라집니다. 근데 그 유자가 호불호를 좀 타는듯.
맛은 있어요
극악의 웨이팅이라 두번은 못갈거같지만..
오픈런하면 30분 대기 아니면 한시간 대기라고 보면 될것같습니다.

&lt;개인취향&gt;
유즈소유라멘&gt;유즈시오라멘&gt;&gt;&gt;&gt;카라이유즈시오라멘",5
,5
"맛있는데 부추김치랑 먹으면 더 맛있음
면과 육수 무한리필이라 맛있는걸 더 많이 먹을 수 있음",5
"정확한 리뷰, 약간 짭조름한 맛에 유자가 뒷맛을 잡아주지만 깊은 육수맛은 부족함. 고기는 두툼해서 맛있음. 면은 다소 밀가루 냄세가 나며 쫄깃함은 다소 부족. 소금라멘 짠감이 있어서 갈증 유발 참고. 결론은 종합 3점",3
잘 먹고 갑니다.,5
"한 시간 웨이팅해서 먹었는데
긴 시간 기다릴 만한 가치가 있었습니다",5
맛있고 면 리필 가능해서 좋아요,4
"그냥 인스타빨인거같은데...여친도 막 맛있진 않고 그냥 평범하다고 함
평범한건 좋아. 근데 가격이 무슨 한그릇 12000~13000원 하는건지...",2
여기 라멘 원탑임 ,5
"대기시간은 길어요 식사시간에 가서 그럴 수 있지만 안에 빈자리와 그릇이 나와도 직원이 부족해서 대기시간이 길어집니다 맛은 그냥 그래요 유자맛 때문에 좀 특별하긴합니다만 20분이상 기다릴맛은 아니네요 
아 차슈는 특이해요 두껍고 그래서 부추가 있습니다",2
,4
,4
,5
라멘 맛있었고 내부 인테리어도 네모난 계단식인게 신기했어요,5
"라멘에 유자가 첨가된 맛이라 특이해서 가끔식 생각납니다. 면,육수 추가가 무한리필이라 이정도 서비스와 맛이면 기다려서 먹을만하다고 생각합니다. ",5
"기대이상으로 맛있었어요! 국물도 깔끔하고, 고기랑 면도 좋았습니다ㅎㅎ",5
"안내도 제대로 못하고
맛도 그닥
돈 아까움",1
"시오라멘 간장라멘 다 맛있어요
가라아게 시킬거면 맥주 혹은 하이볼 필수입니다..",5
,5
"분명 맛은 있는데
이렇게까지 기다려서 먹어야 하는 진 모르겠다
유니크하긴 한데, 두 번 이상 먹을 필요가 있는 진 모르겠다",4
"킹오브더 라멘인더 서울
노 옌썰 킹오브 킹 마이 소울",5
시오라멘 아주 맛있어요!,5
"11시 20분부터 나와서 웨이팅..! 
그 값어치를 하는 곳
라멘이 굉장히 맛있었어요.
유즈가 주는 감칠맛이 대단..! 
여기 겉이 주시는 열무김치가 또 한 몫해요.
계속 먹고 싶고 생각나는 곳입니다.",5
맛있게 잘먹었어요~,5
"너무 기다린다.
맛은 짱이다.",3
몇년간 단골이었는데 갈수록 사람이 많아져 먹기 힘드네요. 면 반개 추가하면 딱 좋습니다. ,5
,5
"맛있긴 정말 맛있어요
다만 좀 기다려야 하고, 내부도 좁아서 옆자리와 팔꿈치가 부딪히거나 가방이 크면 놓을 자리가 마땅치 않거나 움직임이 번거롭다는 단점이 있습니다",4
웨이팅 하실때에는 내부 키오스트에서 주문후 웨이팅 하셔야합니다. 죽순 추가해서 먹었는데 굉장히 맛있습니닼,5
유즈시오라멘 정말 맛있다. 직원분들도 불친절한 적 없었음. 유자향이 향긋하다.,5
유즈시오라멘 진짜 맛있어요,5
맛있긴한데 엄청 줄서서 먹을 정도는 아님 면이랑 육수 무한리필이라 메리트가 있음,4
"근처 주민으로 자주 먹는데 맛있습니다.
다만 가끔 직원분에 따라 친절도가 너무 달라져요. 내부에 대기석이 비어있는데 바로 다음 순서 아니니까 나가라고만 하셔 당황했어요. 내부 대기석은 계속 비던데 설명을 제대로 해주시던지.. 무튼 바쁜가게 종특일수 있지만,, 좀 심했어서 별 마이너스",3
,1
,5
"웨이팅은 좀 길었지만 유자시오라멘 진짜 맛있게 먹었습니다. 일본 라멘 특유의 기름진 맛을 유자의 상큼한 뒷맛이 집아주네요. 

면도 가늘지만 탄력있어서 맛있었고 차슈(두툼한 으로 변경)했는데 다른 라멘 차슈랑은 다르게 육즙이 끝내줍니다. 

죽순 좋아하시는 분은 추가로 넣는 걸 추천합니다.

간만에 맛있는 라멘을 먹었네요. ^^",5
맛나요,5
"유자시오라멘 먹어봤음 친구들과 평점남기며 연남동맛집들과 평범한라멘집까지 돌아볼정도로 라멘을 좋아하는 사람임 일단 유자는 불호임 나한테는 안맞는듯 유자빼고 먹었다고 해도 난 불만족임 가격이 평범한라멘 맛은별로인 8천원짜리 라멘에 4천원정도 하는 고기올려서 먹는기분 먹으면서 츠케멘이나 먹을걸 하는생각밖에 안들었음 츠케멘은 간이세서 찍어먹는걸로 왠만하면 맛있으니.. 나중에 츠케멘 먹으러 다시한번 갈듯 이거마저 아니다생각들면 집이 가깝지만 다신 안가겠음 이곳이 줄이 긴 이유는 주변의 신문사와 보험사큰회사들이 많고 바로옆에도 작거나큰 회사가많아서 매장의 크기에비해 사람이 많아 보이는것임 인기많은 고기집을 제외하고 먹을곳이 크게많지않은 곳이라 라멘홀로 팔고있는 이매장이 입소문을 타 사람이 많은거같음 물론 내 뇌피셜이긴한데 실제로 회사원 카드들고 다니는사람이 많이보임 일단 칭찬할건해야지 차슈는 진짜 스테이크인줄 알았음 다른 라멘가게서 이런차슈 본적이없음 내친구도 라멘말고 차슈먹으러 가는 가게라고 말할정도 유자향을좋아하고 맛있는 차슈를 먹고싶으면 이가게로 오세요 유자싫어하고 평범한 라멘드시고싶은 분한테 이곳은 돈아깝습니다 별5개는 굳이 매장점수 내릴생각없어서 매너임

이리뷰는 내개인적인 입맛대로 적었으며 맛잇게드신분들은 이가격에먹어도 상관없으실 분들임 난이음식이 맛없다고 깔생각이아니고 맛있긴함 하지만 이맛은 내기준으로 차슈 빼고 생각해서 6천원으로 노량진에서 먹을 맛이라고 생각함
리뷰 잘안쓰는 타입인데 쓰는이유는 맛이없거나 화가났거나 정말 맛있다고 생각될때 적음",5
라멘은 느끼하고 짜기만 해서 잘 안 먹게 되는데 여기는 유자향이 있어서 잘 먹을 수 있었어요~ 다만 웨이팅은 좀 불편하고 사이드는 그냥 그래요.. 주차 안 됨! ,4
육수 자체는 평범한 고기육수 맛인데 마지막에 유자 맛이 삭 감도는게 느끼하지않고 입가심 되는 느낌이라 끝없이 먹을 수 있을 것 같다 개인적으로 유자 라임 레몬 이런 새큼한 과일을 좋아해서 유자즙 더 넣어서 먹음 평소에 이런 맛을 싫어한다면 비추,5
맛있어요..! 그런데 엄청 특별한 맛은 아니네요! ,3
맛있는데 양이 적고 웨이팅 있음,5
유자향 낭낭한,5
서울역 가면 무조건 반드시 들리는 집,5
,5
,5
"시오라멘🍜면이 굉장히 얇고 살짝 식감있어서 완전 제 취향이었습니다✨ 면은 반개, 한개 등으로 계속 추가제공 해주셔서 아주 만족스러웠습니다
국물은 처음에 살짝 유자향이 느껴졌지만 먹을수록 무뎌졌고 점도가 강하지 않아 좋았습니다

평일 저녁에 방문했는데 퇴근하시고 오시는 분들이 많은 것 같았습니다! 약간의 웨이팅 후 입장했고, 먹는 내내 웨이팅이 있었던걸로 기억합니다🙂

식당 내부가 계단식으로 되어있는데 살짝 위험해 보였습니다.. 그리고 환기가 잘 되지 않는지 요리하면서 생기는 연기, 음식 냄새가 잘 빠져나가지 못하는 느낌을 받아 아쉬웠습니다🥲 
하지만 음식은 만족스러워서 재방문할 의사 있습니다😆
",4
"국물은 맛있는데 비싸요..ㅠ 면추가 한 번 해도 다 못먹는 거 생각하면 손해보는 느낌ㅠㅠ
그리고 차슈가 제 취향이 아니더라고요",3
,5
,4
면이 얇아서 특이하고 맛있다. 면과 육수리필 되는 점이 좋음. 특히 차슈가 맛있음,5
"소유, 시오 라멘",5
시오라멘 먹었어요. 맑은 육수에 가미된 유자맛이 이색적이었고 꽤 잘 어울렸습니다. 다만 라멘에 유자즙이 이미 들어간 채로 나온 점이 좀 아쉬웠어요. 기본 육수만 맛보고 싶기도 했거든요. 그리고 얇은 면발이 제 취향은 아니었어요.  30분 정도 웨이팅한 것 같은데 기다리는 데에 크게 불편함은 없었습니다.,4
"또 먹어도 맛있는 유즈라멘
유자를 좋아하지 않는데 맛있어요
국물&amp;면 무제한 추가 가능해서
면추가 하고도 다 비웠습니다!",5
"주차가 일단 불편하고 츠케멘은 면추가 안되니 참고하세여~.
맛은 감동까진아니고 준수했어요 ㅎㅎ
근데 차슈는 인정!",4
라멘을 그닥 안 좋아하는데 여긴 맛있어요.,4
테이블링 좀 쓰세요.. 듣도보도 못한 웨이팅 방식;,3
라멘집 원탑. 대기가 문제였으나 조금 더 넓혀서 다행,5
"인기 많은줄도 모르고 아침안먹고 배고파서 서울역 근처에서 일찍 갔는데, 11시 5분 전쯤에 맞춰서 가니 오픈도 전에 사람들이 두어명 서있었다. 다행히 세번째로 들어가서 기다리진 않았지만 11시반에만 갔어도 30분이상 기다려야 할듯 싶은 인기였다.아기자기한 분위기는 개인적으로 되게 좋았다.
라멘은 거의 기본메뉴급인 유즈시오라멘. 유자향이 국물에 은은하게 나면서 고기기름의 느끼함을 잡아준다. 갓김치도 덜어먹으면 진짜 잘 어울린다. 재료들 조화가 잘 어우러져있고, 무엇보다 면과 육수가 리필된다는 점이 너무 혜자였다. 든든하게 잘먹었다. 뭣보다 생각보다 이 가게 주변 상권 분위기도 너무 좋아서 의외였다. 서울역 인근은 핫플이 될지어다.. 이미 됐나?",5
"너무 깔끔하고 맛있는 라멘이었어요
라멘은 느끼하다는 편견을 가지고 있던 저인데
그 편견을 없애준 곳! 면도 매력적이었고 
다음엔 꼭 맥주와 함께 먹어보고싶어요",5
"라멘이 정말 좋았습니다. 은은한 유자향이 일품이었습니다.
교자도 무척 맛있었습니다.",5
"꽤 맛있었습니당
호불호는 약간 있을 것 같은 맛이긴 했어요
언제나 웨이팅이 있는듯
아 차슈 개맛있음",5
"웨이팅이 엄청나요... 전 5시에 가서 그나마 웨이팅이 별로 없었습니다. 
진짜 유자즙을 넣었는데 생각보다 많이 시큼하지도 않고 향긋해요. 
맛있게 먹고 왔습니다. 고기가 냄새도 안 나도 토치로 구워서 향도 나고 좋네요",5
맛은 좋고 깔끔한데 웨이팅해서 먹을 정도는 아니라고 느꼈습니다. 평일 저녁인데 20분이상 웨이팅 했습니다. 가격도 퀄리티와 근처 물가를 생각하면 괜찮은 정도입니다. 다만 별관쪽에서 응대하시는 분 서비스가 좀 아쉬웠습니다.,3
,5
방금먹고나옴. 느끼한거 잘못먹는 아줌마라서 거대한 목살덩어리에 놀라버림.. 내취향이 남의취향은 아니겠으니 그걸로 별 깎지는 않겠습니다. 계란이랑 면이랑 국물은 괜찮았으나 담에 왔을때 대기줄 있음 딴데 가겠음. 그리고 가라아게는 그냥 그랬음,4
"진짜
인생 라멘됐어요!!!! 유자의
향긋함과 육수가 엄청 잘어울러요!!데이트코스 시오라멘 돈코츠라멘 ",5
"맛집이라고 떠서 웨이팅까지해서 먹어봤는데
기대했던 정도까지는 아니었구요
개인적으로는 유자향이 라면과 어울리는 맛이라고는 생각하지않습니다. 호불호가 갈릴듯.
그냥 그랬어요 내부도 좁은느낌에다 웨이팅까지하려니 맛도 그냥 그랬고... 다음에 다시가겠냐고하면 글쎄요&hellip;입니다",3
"전혀 느끼하지 않은 라멘, 그 자체만으로도 사람들을 이렇게나 모을만 하다",4
,3
갈때마다 웨이팅이지만 먹어본 라멘 중 최고. 직원들도 항상 같은 컨디션의 서비스를 제공하는 곳. 늘 만석인데도 순서가 꼬이거나 메뉴 틀리게 나온 적이 단 한번도 없음. 면이랑 육수 추가 되는 것도 굳.,5
"오늘은 츠케멘. 따뜻한 스프의 츠케멘을 생각했는데, 차갑습니다. 살짝 매운편이구요. 상상과는 다른 맛이었지만 맛있습니다.
주말엔 브레이크타임이 없으니 유의하세요!",5
시오로. 단품으로.,4
"만리동 유명한 맛집! 주말 12시 전에 가면 대기가 6팀 정도 있는데 본 가게 옆에 분점? 공간을 만들어놔서 얼마대기 안했습니다!

면은 얇고 쫄깃했으며 저는 시오 먹었는데 담백해서 같이 먹는 부추김치랑 밸런스 딱이였어요! 매운라멘류는 다 간이 세서 좀 자극적이였고 가라아케는 바삭하지만 특뱔한 맛은 아니고 오히려 같이 먹는 소스가 맛있었음 ㅋㅋㅋㅋㅋㅋ
대기가 아주 길면 안기다릴거 같은데 그렇지 않으면 맛있어서 추천해요! 면이랑 육수 무한리필인데 면이고 양이 많지 않아서 보통 사리 반접시 추가는 다 하는거 같습니다!",4
흠 안에 들어간 고기는 맛있는데 유자라멘은 그냥 상큼한 라멘임. 취향 탈 것 같은 맛. 일본에서 너무 맛있는 소유라멘을 먹어서 그런가....웨이팅했는데 엄청 실망함,2
"먹어본 시오라멘중 원탑
",5
,4
,5
,4
감동이 점점 줄어요 아이들은 그닥이래요,3
괜찮아요 굳이 찾아갈정도는 아니지만,5
웨이팅 없이 딱 맞게 들어갔어서 그냥저냥 맛있게 먹음,4
맛은 있지만 30분 이상 기다려서 먹을 정도는 전혀 아니에요. 일요일에 2시간 기다렸는데 먹고 싶어서가 아니라 얼만큼 기다려야 차례가 되는지 전혀 가늠이 안 되는 시스템이라 그랬음. 짜증났음. 정말 시간 많거나 평일에 시간 많다면 도전해 보세요. 하지만 안 먹어봤다고 되게 억울한 맛은 아님 ㅋ,3
"라멘 느끼해서 잘 못먹는데
유즈라멘은 전혀 느끼하지않고 담백해서 유일하게 먹는 곳이에요.
특히 츠케멘 최고예요!",5
,5
그냥 그냥 소소합니다,4
⭐️⭐️⭐️/⭐️⭐️⭐️⭐️⭐️/⭐️⭐️⭐️⭐️,3
,5
맛있는데 친절하고 활기차네요.,5
"그렇게 특색있는지는 모르겠음 
맛은 있음!웨이팅 있음",4
한 15분 기다렸나..? 막 웨이팅이 이해될 것 같은 맛은 아니었어요.. 은은하게 유자향 나고 무난하게 잘 먹었습니다!! 면이랑 육수 무한리필 되는 게 좋았어요,4
"문열자마자 대기 16번 매운유즈소유라멘
유자향이 상큼하네
전통라멘은 아닌 퓨전",4
맛있다! 너무 맛있다 ㅠㅠ,5
"베스트 1,2위 메뉴라는 유즈시오라멘과 매운유즈소유라멘 먹어봤어요! 둘다 맛 괜찮구 양은 부족하면 육수, 사리 추가가 가능하다고 하네유! 면이 꼬들꼬들해서 맛났고 고기도 왕크고 맛있음다! 웨이팅은 기본",4
괜히 잘 돼는 곳은 없네 역시,5
"생각나는 맛이네염 ㅎㅎ
근데 좌석간 간격이 진짜 좁구 김치만두 (4000)는 굳이 안시켜먹어도 될 맛 같,,,,,,,,  국물 간도 딱 좋구 면 익힘도 딱 좋아영",4
맛은 괜찮은데 웨이팅이 안습이네요,3
맛의 지평 +1. 재방문은 딱히..,4
라멘맛은 확실히 있어요 서울역에 이정도 맛내는 곳이 없죠 다만 웨이팅이 너무 길고 분위기도 빨리 먹고 나와야하는 분위기라 아쉬움이 있습니다,5
굿,5
,4
,5
,4
너무 실망했어요 인테리어든 음식 맛 쯤 생각하세요 그냥 빵 집도 이런씩로 안한다 fine ramen kkk omg ,1
그렇게 까지 줄서서 먹을맛인가 싶다. 주차 불가능,3
차슈가 맛있고 유자 향이 기분 나쁘지 않게 은은하게 나서 좋았음. 다만 웨이팅이 너무 긺,4
주말 웨이팅 30분 정도였고 맛있네요 ㅎㅎ 사람많은거 싫어하면 비추,5
,4
"무난하게 맛있음. 신기하게 유자맛이 옅게 나는데 조화를 이룸. 매운걸 좋아해서 매운맛 먹었는데 안매운맛이 더 맛있음~ 면이 아주 쫄깃함! 차슈도 부드럽고 맛있음

유자소스 추가할 때 들이붓지 않게 조심! 팍 나옴

맥주 300ml 있는게 극강의 장점. 낮에 라멘에 간맥하니 기분이 좋음.

",4
스고이!,5
다 먹어봐서 맛있지만 츠케멘이 제일 맛있다! ㅎㅎ 근데 해가 갈수록 웨이팅 난이 심해져서 힘들다ㅠㅠ,4
"개인 취향이지만 매운맛 보다는 맑은 라멘이 낫구요
고기에서는 잡내가 약간 나네요
면하고 육슈가 리필되는게 이집의 가장 큰 장점인듯!
참고로 찌깨면은 드시지 마시길 추천드림",2
,3
"츠케멘의 탈을 쓴 중화냉면

자고로 츠케멘이라 함은 농축된 뜨거운 진한 육수에 차가운 면발을 찍어(츠케) 먹는 것이 일본식 원조 츠케멘이라고 할 수 있겠다.

기대했던 것과 달리 나온 것은 차가운 면발에 차가운 새콤달콤 고추장 유자 비빔면 소스. 이런걸 보통 일본에서는 히야시츄카라고 해서 일본식 중화냉면 정도로 해석할 수 있겠다. 일본식 중화냉면은 면발과 새콤달콤한 소스가 차가운 것이 특징이다. 소스를 찍어먹거나 뿌려먹거나 그건 먹는 사람 자유이다.

본인들이 자기네 오리지날 비빔면 요리를 만들고자 한다면 제대로 된 설명을 해야지 않나 싶다. 나는 일본식 츠케멘을 먹고 싶었지 이 가게의 국적불명 퓨전요리를 먹고자 한 것이 아니다. 국물도 없는데 국자는 폼으로 또 넣어놓았다(국자는 국물을 마실때 사용하는거라구요).

다 먹고 나서 무료 추가 면과 육수를 요구했지만 츠케멘은 해당이 안된단다(그럼 츠케멘 제외라고 적어놓으세요). 13000원이라는 적지 않은 금액을 지불했지만 13000원 값어치는 못했다고 생각한다. 일본식 중화냉면은 집에서도 얼마든지 해먹을 수 있거든&hellip;

츠케멘이라는 이름을 사용하고자 한다면 제대로 된 츠케멘을 만드시길&hellip; 재방문 의사는 없다.",1
"시오라멘, 매콤쇼유라멘이 제일 맛있습니다",3
"평일 11시 30분에 갔는데 정확히 한 시간 웨이팅 했습니다. 날씨가 너무 추워서 가게 앞에 바람 피할 수 있는 공간이 마련되어 있긴 했지만 기다리는 사람이 워낙 많아서 앞순서 분들 한참 빠지고 나서야 겨우 들어갈 수 있었어요.. 한 시간이나 기다릴 줄 알았다면 근처 카페에 들어가서 따뜻한 커피라도 마시고 있었을 텐데 어플로 대기시간 알려주는 시스템도 전혀 없어서 무작정 가게 앞에서 찬바람 맞으며 기다릴 수밖에 없었던 점이 아쉽네요.

그와는 별개로 라멘 맛은 훌륭했습니다. 유자 맛 나는 라면이라니 처음에는 무슨 맛일까 상상도 안 갔는데 전혀 이상하지 않았고 엄청 맛있었어요. 면이랑 육수는 무한리필 가능한 점도 너무 좋았습니다. ",3
"영하 10도의 날씨, 30분이 넘는 기다림. 모든 것을 녹아내리게 하는 맛. 육수와 유자향의 조화가 일품.",5
,5
몇 년전 오픈 초기에 가서 대기없이 먹었는데 운이 좋았네.. 음식에 시트러스계열 향 나는거 싫어하는데 처음으로 맛있다고 생각했음,5
,5
"한그릇은 언제나 기분 좋은 맛인데 면추가하면 뭔가 맛이 없어짐... 근데 면추가가 무료라서 좋음
웨이팅 사악함",4
"라멘은 만족스럽게 먹었는데 음악소리가 커서 좀 힘들었음.
웨이팅이 있는것 같아도 금방금방 빠진다.",4
"평일 저녁 30분 이상 대기 예상하고 가세요~ 하지만 기다릴만한 곳입니다.
처음 맛보는 맛이었는데 너무 맛있었어요!",5
주문누락하고 사과의 말 한마디 없음,1
,5
"처음 먹어보는 독특한 맛인데 시오, 쇼유 모두 너무 맛있습니다. 국물맛은 담백하면서 깊이있는 감칠맛이 있고, 유자향이 살짝 나서 물리지 않고 끝까지 다 먹고 나오게 됩니다. 토핑도 면도 모두 흔하게 일본식재료 슈퍼에서 살 수 있는 느낌이 아니고 오리지널리티가 느껴집니다. 저는 웨이팅 감수하고 세번 이상 갔네요.",5
너무 맛있어서 어이가 없어요. 웨이팅 30분 넘게 하고 먹었은데도 감동,5
,5
중독성 개미쳤음,5
,5
"맛있어요! 멘마는 식감이 좋고, 차슈는 어떤 고기를 쓴건지 궁금할 정도로 부들부들하고 기름진 맛입니다.
유자 소스는 국물 감칠맛을 좋게 해준다고 하는데, 기호에 따라 더 넣어 먹을 수 있게 해줘서 좋고요. 생맥주도 진짜 맛있어요. 
대기가 조금 긴데, 그만큼 안에서 먹는 사람들 재촉하거나 대기 많다고 국물이나 면 추가 서비스 이용시 눈치주는 것도 없고요.
만족스럽게 먹었습니다. 또 가고 싶어요,",4
,5
서울에서 최고로 좋아하는 라멘집! 유즈시오라멘이 제일 맛있어요,5
웨이팅이 진짜 엄청 긴데 이걸 뚫을 각오만 있다면 꼭 다시 가고싶을 정도로 맛있는 라멘집...싸진 않지만 돈 절대 안아까운 맛.,5
"시오라면에 계란이랑 챠슈 추가해서 먹었는데
고기는 맛있음
국물이랑 면은 그냥 그럼
전체적으로 그냥 보통인 맛
무난한 맛 ,
직원 친절함 , 
물통을 옆테이블이랑 같이 먹어야해서 뻘쭘함 각자주면좋을듯",3
호불호가 갈릴 맛이라고 들었는데 저는 별로 아닌 것 같습니다. 그렇다고 맛이 막 없는 건 아니구요. 독특함이 있지만 그게 딱히 장점이라고 느껴지지 않습니다. 차슈 또한 경쟁력이 있지만 갠적으론 묵직한 차슈보단 부드러운 차슈를 더 좋아해서 아쉽습니다. 웨이팅을 안해도 아쉬운데 해서 더 아쉽습니다.,2
고기가 찐이다,5
"식당의 기본은 맛에 있고 친절까지 해주면 땡큐인거고, 분위기까지 좋으면 음식 가격이 올라간다고 생각함.
그래서 난 엄청 맛있고 적당한 친절과 가격에 약간은 어수선한 지금의 유즈라멘이 좋음.",5
"비 오는 토요일 10시 45분 도착. 대기 4팀배정.
시오라멘이 젤 맛있음. 부추좋지만 단무지가 더 낫지않았을까 생각. 만두는 그냥 일반 튀김만두라서 비추.",4
"유즈 츠케멘 먹었었는데
유자 그자체다
유자를 좋아하진 않는데
또 그렇게 불호는아니다
좋은 경험으로 남을듯",3
"기존 라멘맛과는 달라요. 특이한데 비싸고 맛없어요. 맑은데 느끼합니다. 매운라멘인데 안매워요. 매운라멘인데도 느끼합니다. 면,육수 무한리필이라 양많으신분들 좋을듯. 평일 저녁은 1시간쯤 대기해야함. ",1
웨이팅 20분 정도 했는데 그냥.. 그냥 라멘과 마제소바임 딱히 특별한 건 없음,3
"유즈라멘의 츠케멘의 같은 경우 확실히 신맛이 도드라진다. 중국의 량피를 먹는 듯한 느낌에 조금 더 과일 같은 신맛이 났다.
시오라멘 같은 경우 국물은 맑고 깊었고 유자 소스를 첨가하니 미캉아베 같은 맛이 났다. 
차슈에 불향이 나서 독특했지만 약간 오버쿡이 된 느낌이 들어 옥에 티 같은 느낌이 들었다 
잘먹었습니다!",4
주말 브레이크 없지 않아요 2~3시가 직원들 식사시간이던데 이정도면 브레이크라고 봐도 무방ㅎ 그와중에 손님은 계속 받아서 저는 2시반에 가서 5시 다 돼서 먹었어요 당연히 절대 이정도 기다려서 먹을 맛 아니었구요 웨이팅 시스템 이렇게 비효율적인 곳 처음 봐요 직원들이 주문만 무작정 받아놓고 시간 예측은 다 틀리네요 재방문의사 없습니다 ,1
"맛있음
대기시간 김
주말 브레이크타임 없다는데 있음
주말 직원들 식사시간 2시부터 3시까지 별관 영업안함
이 시간대 대기 걸리면 2시간은 대기해야되니 참고하세요",1
,5
"맛있어요!! 직원분들도 친절하고
면이 특히 단백하고 맛있는데 리필도 되어서 항상 배부르게 먹을수 있어서 좋아요",5
"9월 평일 11시까지는 웨이팅 없이 먹을 수 있었음.

라멘이랑 유자 둘 다 안좋아해서 걱정했으나 유자&amp;루꼴라 향이 잘 어우러져서 맑고 깔끔한 맛이 나서 좋았음. 평상시 진한 돈코츠, 미소라멘은 텁텁하고 느끼해서 안먹는거였는데 그런게 전혀 없음. 육향 진한거 좋아하는 사람은 불호일듯.

코로나 시국에 칸막이도 없이 옆사람이랑 10센치 간격으로 앉아 먹어야하는게 컬쳐쇼크였음. 젓가락, 유자소스, 부추김치, 앞접시 가져오려면 내 팔꿈치가 옆사람 얼굴에 닿을 정도임ㅠㅠ

9월 바람부는 날이었는데도 너무너무너무 더워서 여름엔 절대 못갈거같음.",4
매운 맛 먹어도 하나도 안 매워요 참고로 맵찔이입니다! 웨이팅 엄청 길고 미리 주문 넣어야만 웨이팅 번호 받을 수 있어요... ,4
,4
"일못하는 직원 개념이 문제인지 이가게 방식이 문제인지,, 매장 입장해서 나중에 온 네 팀 보다 메뉴가 안나와서 한참동안 기다리다가 물어보니 교환권제대로 준거 맞냐고 손님탓... 미안하다고 사과도 없습니다. 나중에 면 추가 시키고 또 한참 안나와서 물어보니 네?  또 누락되서 그냥 나왔습니다.",1
"맛 보면 왜 지금껏 먹지 않았나 후회함.
유자즙이 진짜 신의 한수",4
괜찮아요,4
,3
"내 입이 이상한가
유자와 라멘 조합은 불호였음

남자2 같이 가서 둘다 고개 갸우뚱하고 나옴",2
"시오라멘이 정말 맛있습니다
담백하고 간이 적당한 육수에 퀄리티 좋은 부가재료, 그리고 얇은 면발 조합이 완벽해요
유즈를 넣을지 말지는 입맛대로 고르면 되겠지만 객관적으로 봐도 맛집이라고 할만합니다

항상 서울역 부근 지날때마다 여기로 식사하기 위해 자주 갑니다
면 리필 육수 리필도 호감포인트네요

다만 주문 후 식사가 나올때까지 오래 걸리는 편인데다가 기본 양이 모잘라서 여기저기서 리필 주문까지 하게되니 회전률이 국수집 치고 상당히 느리다는건 단점이라... 개선이 시급한데 이건 갈때마다 고쳐지지가 않네요",4
"한 5번은 간 것 같은데 항상 대만족합니다
맛있고 직원분들도 친절하셔요
사리추가도 무료로 계속 해주셔서 배부르게 먹을 수 있습니다
치킨가라아게 꼭 드셔요 갓튀긴 염지잘된 가라아게에 명란마요?소스가 예술입니다",5
"🤎🤎🤎🤎🤎🤎🤎🤎🤎🤎🤎🤎🤎🤎🤎🤎🤎최최쵳최최최애 라멘집 🤎🤎🤎🤎🤎🤎🤎🤎🤎🤎🤎🤎 짜지않고 담백한데다 쫀쫀한 면, 그리고 화룡점정 유자소스(??!!!) 까지 !!!! 🍋🍋🍋🍋🍋 진짜 좋아하는 맛집라멘.. 벌써 n번째 방문",5
일본 안가도댐,5
일본 거주했지만 일본에도 여기보다 맛있는 가게는 손에 꼽을정도 밖에없음 한국 탑 3에 들어가는 진짜 맛집 특히 시오라멘은 살면서 맛있는 집을 본적이없는데 유자와 조화하니 이렇게 맛있을수가 있구나 깜짝놀람,5
,4
"맛은 있는데..
이렇게 더운 날 텅텅빈음식점에
음식 준비될때까지 손님을 안들여보내는
배려없는 직원들 덕에 다시는 오고싶지 않음
",1
"국물이 기가 막힙니다.
차슈는 꼭 추가하세요",5
"맛있습니다.
날이 추워지면 또 가고싶네요",4
,5
"꽤 맛있긴 한데, 감칠맛이 금방 휘발된다 해야 하나.. ㅜ
맑은 국물 좋아하면 괜찮은데, 바디감이 없는 건지 지방 감칠맛이 부족한 건지, 제 취향은 아니더라고요ㅠㅠ
분명 국물 바디감이 낮아도 감칠맛을 잘 잡는 곳도 있는데.. 
맑은 국물 좋아하면 가볼만 합니다! 인기 있는 근거는 있어요. ",3
★★★★★ 매운것도 안매운것도 다 맛있음! 라멘 안 좋아하는데 여기 차슈가 너무 맛있어서 차슈먹으러감,5
유자쇼유..? 여튼 기본메뉴 맛있어요ㅋㅋ차슈도 맛있구ㅠㅠ 면 리필도 해줘서 조아여,5
,5
"2년 동안 한 달 길게는 두어달에 한 번은 꼭 방문해서 먹는 최애 라멘 집이에요. 최근에 코로나 방역 관리 완화된 후로 3번 방문했는데, 차슈가 예전같지 않고 퍽퍽해졌고 국물 육수도 밍밍해지고 면도 익힘 정도가 매번 달라서 만족도 급 하강입니다. 게다가 최애였던 가라아케 조차 점점 튀김옷이 바삭하지 않고 밀가루 맛만 나요&hellip;맑은 국물 라멘집 찾아 다시 유랑해야하나 싶네요",3
맛은 있는데 과장 1도 없이 웨이팅 한시간까지는 생각하고 방문해야 합니다. 웨이팅 시스템을 왜 이렇게 비효율적으로 할까 의아할 뿐더러 리필 때문에 정말 회전율 최악입니다. 5번 방문했으나 30분 미만 안에 들어가본 적 한번도 없습니다.,3
웨이팅빼곤 흠잡을게 딱히없음,4
"맛은 인정하는 집입니다
기다리는 길가가 지저분한게ㅜ힘들어요",4
"차슈는 누구나 인정하는 맛집입니다.

츠케멘 매니아인데, 츠케멘은 특유의 감칠맛이 있었는데 안나고 신맛 비슷한 맛만 납니다. 오랫만에 멀리서 이거 먹으러 왔는데 별로였네요,,",4
옛날엔 진짜 대존맛집이였는데ㅜ 저녁장사 시작되고 맛 떨어져서 너무 아쉬워요.. 걍 쏘쏘함.. ,3
맛은 괜찮은데 웨이팅 관리가 전혀 안되요.,3
정말 맛나요. 올때마다 만족하고 갑니다!,5
"4.5가 없어서 주관적 편애에 따라 별 5개 찍음ㅎㅎ 작년에 처음 와보고 재방문을 3번 이상 했어요.
처음 맛본 뒤로 늘 유즈시오라멘을 먹습니다. 
지인은 여기서도 매운소유아 매운시오를 먹네요.
국내에서 라멘 맛있다는 곳을 가도 그저그런데에 비해 유즈라멘은 일관성 있게 라면이 맛있는 곳입니다 망설이지 말고 드셔보세요

::: 시오 라멘은, 소금으로 간을해서 본디 간장으로 맛낸 소유라멘에 비해 많이 맑은 색이며 맛이 담백,깔끔합니다. 따라서 애초에 이곳에 오고 싶다면, 시오라멘이 무엇인지 알고 본인의 기호에 빗대어 메뉴를 선택해야 맛을 제대로 누릴 수 있을 것 입니다☺️  아래 후기들의 &lsquo;국물이 진하지 않다&rsquo;의 참패를 맛보시지 않으려면&hellip; 메뉴를 잘 선정하세요

아쉬운 점은 인기가 너무 많아 조금 기다린다 정도. 그러나 맛있기로 소문난 라멘집이나 스시집 이자카야가 그렇듯 기다릴만한 맛이라 조금 기다린다. 일식을 다루는 집들이 장소가 보통 협소하기에 외국 나가도 기다리는 건 똑같기에. 너무 기다리는걸 싫어하지 않는 이상 조금은 기다려 먹어보길 권합니다",5
"맛있긴 맛있습니다 그러니깐 사람이 많은 것 같긴 하나 맛을 빼면 모든 면에서 다 그닥인 업장입니다. 제가 3점을 준 이유도 맛 5점에 다른 모든 부분이 1점이라 평균 내서 3점 드리네요. 맛도 유자향 싫어하면 또 별로라 할 순 있겠으나 간판부터 유자라멘이라는데 들어가기까지 한 것이니 그것은 논외로 하고 진짜  맛은 좋네요 그런데 테이블 회전, 가격, 음식점 크기 다~~~ㅂㄹ입니다. 
1. 물가가 혼자 따로 놉니다 남들 다 똑같이 적용받는 게 물가인데 유독 가격 상승폭이 큽니다. 3년새 2000원 올랐네요 비트코인인가요? 다 그렇다 처도 코카콜라가 2000원에서 3000원이 됩니다 ㅎㅎ 이건 무슨 ㅋ&hellip;
라면도 11000원&hellip;. 같은 가격이면 진짜 못 먹는 게 없을 정도이나 맛있어서 그래도 전 사먹네요 (무한리필이 되는 걸로 정신승리 중)
2. 테이블 회전 너무 안돼서 대기가 너무 길어요
3. 2를 해결할라면 이사라도 가시지 장소도 너무 좁아요~ ",3
"독특한맛

유자. 루꼴라가 느끼함을 잡아줌",3
"만두는 맛있었고 라면의 고기와 차슈도 맛있었지만 막상 국물이 그닥.. 
제 입맛에는 안기다려도 안갈 곳인데 기다려서는 다신 안갈 맛입니다 금요일 점심 11:40에 키오스크 주문하고(웨이팅 번호 받음) 12:30에 앉았고 음식은 12:40에 나왔습니다 
국물이 진한 맛이 하나도 없고 정말 제 취향은 아닌데 기다린 시간이 너무 아깝네요ㅠㅠ ",1
가라아게와 만두도 맛있었어요! 유자향이 심하지 않고 은은하게 나서 좋았습니다. 기호에따라 유자를 더 첨가할 수 있습니다!,5
,5
"1시간 반동안 웨이팅하면서 들어감.
인기많은 곳이라 이해는 함.
매장안에서 20분더 기다림.
뒤에 팀들 한테 메뉴 먼저감.
평소같으면 2시간 가까이 기다린게 아까워서 먹었을텐대 관심이 없고 기분이 나빠 나왔음.",1
"소금라멘 시켰는데 그닥 제 입맛엔 안 맞더라고요. 면은 그냥 국수면 같았고, 국물에 깊은 맛이 없달까.. 다른 라면은 안 먹어봐서 모르겠어요",3
,5
예상과는 다르게 국물 맛이 너무 밍밍했음 진정한 소유라멘은 멘텐이 갑인듯함,3
"개인적으로 정말 맛은 있었습니다.
하지만 직원들이 고객을 생각하고 있다고 전혀 생각이 들지 않습니다.

테이블이 주방이랑 직원 동선을 둘러싸고 있어서 다 보이는데도 주방의 직원분 한명은 마스크를 쓰는둥 마는둥&hellip;
홀의 직원은 주문서도 받고 맨손으로 손님들이 먹고간 그릇을 치우고 행주로 테이블을 닦은 후 아무 조치없이 맨손으로 바로 다른 음료를 준비한다. 그리고 세척된 젓가락 까지 그 손으로 수저통에 셋팅한다.

면추가도 무료라길래 추가를 부탁드리고 10분 가까이 기다려도 안주시길래 혹시나 해서 물어보니 언제 그랬냐고 물어본다. 그러더니 주방으로 가서 면이 2분도 안걸려서 추가 면이 나왔다.

돈내고 얻어먹은 기분.

",1
자꾸생각나,5
"최애라멘집
만두도 꼭 시킴
케바케 있지만 직원들도 대부분 친절",5
너무 맛있어서 면 추가 1인분 더해서 두그릇 먹고 나왔어요...취향차이는 있겠지만 충분히 웨이팅할 가치가 있다고 생각해서 오늘도 또 갈거임ㅋㅋ,5
,5
회사 근처라 자주 가는데 갈 때마다 별로인 곳 ㅠㅠ 왜 인기가 많지&hellip;,1
맛있긴한데 1시간 넘게 웨이팅 하면서 까지 먹을 정도는 아니다. 가게도 협소하고 위생도 깨끗한편도 아니고. 여기말고도 맛있는 라멘집 찾아보면 많다,2
도쿄 살 때 자주 먹었던 유자라멘집 아후리가 생각나는 맛. 맛있어요,5
맛도 단가에 비해 별로고 직원 너무 불친절. 식탁 닦는 행주 의자에 팽겨쳐두고 그걸 그대로 다시 식탁 닦음. 어쩐지 의자에 반찬쪼가리가,1
맛있어요,5
"라멘이 느끼히해서 별로였어요 
전 매운거 못 먹어서 유지시오 먹었는데 국물이 너무 느끼,,,  마늘 같은것 좀 넣어주세요
차라리 츠케멘이 맛있어요 부추김치는 그냥저냥 집에서 먹는맛 ",3
,5
"주변에 숙박하게 되어서 맛집 찾아보다 들렀는데,

요즘 이 정도보다 맛있는 라멘집 많은데 굳이..?

30분 이상 웨이팅해서 먹을 맛은 아니라고 생각..

면(替え玉) 무료로 리필해주는 서비스는 좋았습니다.
",3
웨이팅 오래하고 들어갔는데... 음... 지극히 개인적으로는 별로 였네요... 재방문은 없을 것 같아요 매운건 맵지도 않고 맛도 유자넣으면 똠양꿍됩니다... 매운거 비추!,2
너무 맛있어서 면이랑 국물 리필해서 먹었어요~ 면 진짜 삶기가 완벽&hellip;. 유자향 너무 좋고 상큼해요 ㅎㅎ 계란이랑 챠슈를 추가했었는데 계란 쫌 짭짤한 편이고 챠슈는 한덩어리 크기가 꽤나 커서 추가안해도 될 것 같아요 죽순 식감이 좋았어요 아삭거리는게 아니고 말랑한데 씹히는 ? 맛있었어요 다음에는 김을 많이 추가하고싶어요! 그리고 부추김치가 고기랑 너무 잘 어울려서 세번 덜어먹엇습니다,5
"자극적이지도 느끼하지도 않은..진짜 존맛탱!
개인적으론 부추김치는 별로였어요ㅎㅎ
서울역 근처에서 식사할 일 있으면 여기에 방문할 것 같아요-!",5
,5
"국물, 면, 차슈 등 고명, 밑반찬인 부추김치까지 모두 다 만족스러웠습니다.",5
,5
대체불가능한 맛. 하지만 웨이팅을 감수해야 하는 맛,4
"츠케멘이랑 소유라멘을 먹었는데 저랑 일행 둘 다 츠케멘을 더 맛있게 먹었어요. 첫입은 새콤하고 끝에 은은하게 유자향이 남는 게 좋았음!
일반라멘 면은 매우 얇아서 호불호가 갈릴 수도 있음
",5
최고의 일본식 라멘맛집,5
"먹어본 라멘 중에 제일 맛있어요!!!
생각보다 유자가 라멘이랑 엄청 잘 어울려요!
서울역 갈 때마다 들르는데 항상 웨이팅이 길어서 아쉽습니다ㅜㅜ",5
웨이팅하고 먹어서 기대를 너무해서 그런가 맛이 크게 기억에 남진 않았습니다. 하지만 분위기가 일본 현지에서 먹는듯한 기분을 주고 면과 육수를 리필해 주시는게 인상깊었습니다,4
유즈시오는 쏘쏘 하지만 친절함이 베스트. 친절해서 별네개 주는건 첨이다. 토핑놓을때 조금더 위생을 신경써주었으면ㅎㅎ,4
"즐겨찾기해놓은지 시간이 꽤 흘렀는데...드디어 방문해봅니다.
가게 구조가 독특합니다. 내부는 그리 넓진 않지만 칸막이가 잘 되어 있습니다. 면과 국물은 리필이 가능한데, 굳이 리필을 안해도 배가 부를정도의 양입니다. 맥주 한잔 하면서 가볍게 먹기 딱! 좋은 곳입니다!",5
살면서 라멘에 큰 기대가 없었습니다. 근데 여기 라멘은 최고 입니다. 정말 제가 먹어본 라멘 중 가장 맛있습니다. ,5
"먹어본 일본 라멘 중 단연 1등입니다. 
시오라멘 먹었는데 정말 너무 맛있어요. 면이 부족하면 요청시 더 리필해주십니다. 평일에 가도 웨이팅이 있을 수 있어요",5
"중독성있는 라멘스프
매우 특이한 분위기와 다소 불편한 좌석
이베리코를 썼다는 차슈는... 돼지 잡내가 좀 있었다",4
,4
차별성으로 무장한 채 이정도로 불호를 제한할 수 있다니 성업을 납득 할 만은 하지만... 잘 되도 너무 잘되잖아;; 웨이팅 실화냐..,4
"완전 대만족이에요ㅠㅠ 유즈쇼유라멘 먹었구요, 
유즈=유자라는 뜻이더라구요! 유자맛이 들어가서 살짝 새콤한데 국물이 깊어서 고소하고 맛있어요

★웨이팅이 많이 길어요!★오픈하자마자 바로 가셔야합니다!!

면이 얇아서 먹기 좋고 국물이랑 잘 어우러저요. 국물이 진짜 찌이이인짜 맛있고 무한 리필됩니다!! 면수도 리필이 되는 듯 했어요. 
진짜 너무 맛있습니다... 일본에서 먹었던 라멘보다 더 맛있음 ㅋㅋㅎㅋㅎㅋㅎ 차슈도 부드러워서 맛있어요! 하아ㅏ 진짜 너무 맛있는데 이걸 글로 다 표현할 수 없는 제 문장력이 슬플 정도예요..
특이점은 주문을 먼저해야 대기번호가 생긴다는 점입니다! ",5
,3
"기존의 돈코츠라멘을 생각하고 방문하면
실망할지도. 해산물,닭육수 베이스의 깔끔한 라멘.
시간이 안맞으면 대기줄이 엄청나니 참고.

",5
,4
맛도 좋고 아늑한 인테리어가 좋아요,5
"특별한 일본식 라멘이 땡길때 추천
하지만 30분이상 기다려서 먹을 맛은 아닙니당
적당히 기다릴 때 가서 드셔보세용
차슈 부들부들 맛있어용!!",3
라멘 별로 안좋아하는데 여기는 맛있어요,5
,4
"기차 기다리면서 들렀어요 ㅎㅎ
분위기도 맛도 좋네요 :)",5
잘 먹고 갑니다 &hellip;. 유자 들어서 이상할줄 알았는데 너무 맛있어요 ㅠ ㅅ ㅠ,5
,5
"왜 웨이팅해서 먹는지 이해 안 됨

유즈시오 매운유즈시오 먹었는데 유즈시오 첫입 먹자마자 
너무 새콤해서 놀랐음
내 입맛에는 별로
차라리 매운유즈시오가 더 맛있음

너무 느끼해서 다 못 먹었는데 다른 사람들은 면 추가해서 많이 먹는걸 보면 내 입맛에는 안 맞는 모양

취향 떠나서 존맛까지는 아니니...웨이팅 30-40분 해서 먹을 라멘은 아니라고 생각",3
"친구랑 둘이 가서 먹었어요 비오는 날이라 대기줄이 쫌 있었어요 

맛은....계란 5개도 먹을수있어요
면도 좋았고 챠슈 너무 부드러웠구요
친구랑 다음에도 또가서 먹기로 했네요
아이랑 같이 먹을 분위기는 아니예요 ",5
최고!! 안국역점이랑 둘다가봤는데 똑같아요 직영점 맞음 정말 잘 먹었습니다~~,5
맛있지만 너무 너무 오래 기다려야함,4
라면은 좋았지만 자리가 협소하고 찾는사람이 많아 힘들었음. 점심시간 30분 전 11시30분부터 직장인들 대기시간 너무 길어서 한시간 서있다가 들어감. 대기시간 얼마안걸린다더니.. 굳이먹을거면 점심시간피해서 가야겠음,3
"시오라멘을 먹었는데 느끼하지 않고, 깔끔한 국물맛이 인상적이었어요. 꼭 다른 메뉴도 먹어보고 싶어요! 휴일 점심 때 가니 조금 기다려야 들어갈 수 있었는데, 가게가 좀 더 넓었다면 하는 아쉬움이 있네요.",5
"츠케멘 먹었습니다 ! 
면 온도를 선택할 수 있는지 모르겠지만, 아쉬운 점은 면이 따뜻했으면 면도 부드럽고 소스도 잘 배고 속이 편했을 것 같아요!!!
대부분 국물라멘 드시던데 다음에 가면 국물라멘 먹어보려구요. 
면은 차가웠어도 고소하고 맛있네용.
그냥 면이랑 챠슈랑만 먹으면서 고소한 맛 느끼고 마무리 될 때쯤 소스 조금 먹으면 더 맛있네용.",4
,4
"츠케멘 먹었는데 호불호 갈리는 스타일의 츠케멘 같아요~~ 
연남동 ㅎㄴ 스타일을 좋아해서 그런가 그냥 그랬습니다..! 
그러나 분명 맛집인 건 사실인 게 면도 맛있고 챠슈와 계란 등등 맛있습니다 적당히 친절하시고요 (사진 속 츠케멘은 멘마 추가한 것)",4
"츠케맨이 더 맛있네요
시오라면 국물 깔끔하니 좋아요 
40분 기다렸는데 음.. ",4
,5
미쳤음...,5
"일반 유즈시오라멘이 제일 맛있었던거로 기억함,,
웨이팅이 점심ㅡ저녁 다 있지만 한 번쯤 가볼만하다",5
라멘의 정석 ◡̈ ,5
"가야는이유 : 맛에 대한 고민과 연구의 흔적이 느껴지는
안가는이유 : 진한 국물맛과는 다른 계열

유즈시오,쇼유,가라아게 : 전체적으로 가벼운 느낌, 유자의 맛은 생각보다 약하고 조금 더 뿌려먹는 것을 추천, 유자보다는 루꼴라가 킥이라고 생각될만큼 잘 어울리는, 이베리코를 쓰는 차슈는 두께와 부드러움이 상당한, 개인적으로 가라아게는 평범했고 맥주와 같이 먹을때 추천하고픈

키오스크 주문 후 교환권을 주는 순서로 대기, 주말 1시 전후로 사람들이 몰리고 회전은 빠른편, 고깃집 도마 운영, 안국에는 도마와 콜라보한 2호점 운영",4
가라아게가 맛있습니다. 오래 기다려가며 먹을 맛은 아닌듯 합니다..,3
"아무래도 유명해져서 손님이 많아져서
사장님이 이 지점에 안 계셔서 그런지
처음의 맛은 안 나네요

입구쪽 바자리 들썩거리는 의자 밑에 휴지 끼워넣고 라멘 먹고있는데 옆자리로 이동해달라는 직원 말이 너무 불편했어요 

대기중이면 모르겠지만 음식 먹고있는데 옮기는건 너무 번거롭지 않나요? 편한 자리도 아니고 의자가 높은 바자리에서요..

짜면 육수 제공된다지만 너무 들쑥날쑥한 육수 맛에 뜨거울땐 맛있다가 조금 식으면 혀가 아려옵니다

알바생들끼리는 한계가 있어보여요

서울 오면 꼭 먹던 라멘이었는데 여러모로 아쉬워요",3
오랜만에 맛있는 라멘이었어요! 국물도 깔끔하고 루꼴라랑 잘어울려서 좋네요,5
넘 맛있어서 조만간 또 갈거 같아요. 주문도 간편하고 안내도 잘해주셨어요. ☺,5
맛있어요..웨이팅필수,5
"21.08.02 월요일 맑음

유즈시오라멘 10000

매장이 되게 분위기가 좋아요
특이한 구조로 되어있습니다
자리는 많지 않아서 웨이팅이 심할듯요
저는 사람 없는 시간대에 가서 바로 먹었네요
직원분들 친절하시고
되게 맛있었어요 유자향이 아주 좋아요
잘 먹었습니다",4
유즈 시오 라멘과 가라아게 추천 ! 국물도 깔끔하니 맛있고 가라아게는 폭신하면서 바삭한게 계속 먹고싶어지는 맛이네요,5
"주말 저녁오픈 시간에 맞춰 갔더니, 오픈하고 바로 앉아 먹을 수 있었습니다. 유자맛이 느껴지는데 엄청 특이하다 느낌은 아니었고 루꼴라가 있던게 밸런스를 잘 잡아준 듯 해요. 소금 맛있어요",4
"맛있어요
양은 남자가 먹기엔 약간 부족할 것 같음
그래서인지 다들 면추가함 
물론 맛도 있어서 추가하는거지만..",4
"금요일 여섯시 전에 웨이팅 없이 들어갔어요. 
국물과 면이 잘 어울렸고 루꼴라 조합도 새로운 맛을 더해주어 재밌었어요. 도톰한 차슈도 매력 포인트. 다음엔 유자가 안들어간 버전으로 먹어보고 싶어요. 김치 양념이 함께 있어 느끼하지 않게 먹기 좋네요.
+직원분들이 활기 넘치고 친절하세요.",5
"처음 가신다면 일단 시오로 주문하는게 좋을 것 같아요
쇼유로 먹었는데 개인적으론 유자랑 어울리진 않았습니다. 시오로도 먹오보곤 싶은데 1시간 기다려서 먹을정도인지는 모르겠어요
그래도 맛있긴 맛있습니다",4
"유자향이 진한 유즈라멘을 먹을 수 있어 궁금하던 차에 방문했다. 기본으로 올라가는 차슈는 이베리코 돼지를 사용하며, 추가로 버크셔 K 샤브샤브를 더할 수 있다.
다른 식감의 고기를 즐길 수 있고, 맛 또한 고기의 누린내가 없으며 질기지 않았다. 
유자향을 더하고 싶으면 테이블의 유자즙을 취향껏 넣을 수 있으니, 유자를 좋아한다면 꼭 가봐야할 것이다.",4
"밑에 리뷰들에 공감하지만 
별점5점인 이유는 특색있는곳이었기 때문이에요.
가게 인테리어도 특색있었고 
무엇보다 유자향을 라멘에 섞는다는 
아이디어 자체가 신선하더라구요.
그 아이디어에서 별 4점은 먹고 들어갔습니다.
다만 웨이팅은 좀 힘들더라구요.
중간에 면추가 하시는분들도 많이 계셨고 
매운라멘인데 그냥 칼칼한 정도였습니다.
맵고수님들은 실망할듯

재방문 의사? 흠 70% 돌아서면 약간 생각나는 맛이긴 한데 메뉴가 다양하지 않아서 그냥 칠십퍼 !!",5
먹는 내내 이게 줄 30분 서서 먹을 맛인가하고 생각 하게 됨...,2
"맛은 있으나 서울에 이정도 하는 라멘집은 많아요
한시간 가까이 기다려 먹을 정도는 아닙니다.
음악소리 너무 시끄럽고, 좁아서 뒤로 직원들이 왔다갔다 해서 먹는데 집중이 안되요",3
"시오라멘의 진한 국물에 고흥유자즙 들어가서 상큼한 맛이 더해져 질리지 않고 계속 들어가요! 먹다가 중간에 조금 더 넣어서 먹는게 더 취향이었음.
면을 그렇게 좋아하는 타입이 아닌데 여기는 다 먹고 추가할까 고민했어요. 매일 뽑는다더니 계속들어가요. 토핑에 루꼴하가 들어가길래 의아했는데 루꼴라와 같이 먹는 면 맛이 일품 ㅠㅠ",5
"맛있는데, 서울에 이만큼 하는 라멘집 쌔고 쌨어요.
피크타임때 가면 '얼른먹고 가라' 이런기분 낭낭히 느낄수 있음^^
시오는 괜찮고 쇼유 비추. 쇼유랑 유자향이랑 따로놀아요",2
"개인적으로 제입맛에는 좀 아쉬웠네요
유자 향때문에 먹는다고들 하시는데 
개인적으론 유자향이 뭔가 따로 노는 느낌이었어요. 그리고 저 루꼴라라는 채소도 좀; 
원래 일본에서 저 채소를 써서 조리하는지는 
모르겠지만 생소한 채소라 맛이 어색했어요. 
오히려 차슈는 두툼하고 안질기고 좋았어요.
반숙계란도 맛있었습니다. 
나중에 츠케멘 한 번 도전해보려구요 ",3
,5
맛있어유 가격이 뙤까 비싸디만 ㅜㅜ,5
이런 신 라면(sour 라면) 처음 먹어보는데 너무 특이하고 좋았음.,4
,4
이거너무맛있잖아요...이번주에두번갔어요....,5
최고..,5
"차슈,면발,육수,달걀,루꼴라까지 어느하나 부족한 맛이 없다. 유자향이 육수와 정말 잘 어울린다. 웨이팅만 아니라면 매일가고싶은 곳!",5
너무 맛있다 흐흑 서비스도 좋고 맛도 정말 최고예요ㅜㅜ 유자향 너무 좋아요,5
유즈소금라멘 먹음. 면을 직접 만드는 건지 선반 아래 밀대포대 있는 게 인상적이다. 국물도 깔끔하고 고기도 두툼하니 맛있었다. 라멘 위 채소가 좀 겉도는 듯한 느낌 외에는 다 무난하니 괜찮았음,4
자꾸 생각나 ...,5
"츠케멘 먹었어요
루꼴라를 넣은 것도 신선하고
챠슈 두꺼워서 좋았고
소스에도 유자 들어가서 새콤한 맛이 좋았고
국산 고흥 유자를 써서 농가 수입도 올리고 좋았어요

근데 스프와리가 안 된다네요?
츠케멘은 모름지기 소스에 육수를 부어서 마무리짓는 게 도리인데...
원래는 안 되는 거다 그러면서 선심쓰듯이 말하더라구요. 여기서 기분이 좀 안 좋아졌어요. 안 되는거면 '츠케멘은 면/육수 추가 안 드립니다' 써놓던지..

암튼 여차저차 해서 스프와리(소금육수) 해봤는데 맛있더라구요. 가다랑어 육수인 듯?
왜 안 되는 건지 모르겠어요. 맛있는데. 안 해봐서 그런가?",5
"'장사는 이렇게 하는 것이다' 라는 것을 보여주는 맛집. 실수로 사이다 컵을 깨뜨렸는데도, 괜찮다면서 계속 다치신 곳 없냐고 물어봐주시던 사장님. 
사이다도 그냥 리필해주셨어요.(죄송해요)
-
라멘 너무 맛있구요, 가라아게도 부드럽고 바삭해요. 라멘에 넣어먹는 유자 소스가 특색있었어요.
단무지, 그냥 김치 나오는 곳은 봤어도 부추김치 나오는 곳은 처음이었네요. 라멘이랑 이것도 잘 어울려요. 웨이팅이 있는 편이지만, 조만간 또 갈거예요",5
,5
인생라멘집. 아후리라멘급!,5
"유자향이 나는 독특한 국물, 얇은 면발, 두툼하고 부드러운 돼지고기, 무제한 제공되는 면과 육수,
가게가 좁고 줄서야 함.",4
맛있습니다. 유자특유의 향이 라멘과 너무 잘 어우러지네요. 국물이 정말 깔끔해요. 라멘 완뽕하였읍니다.,5
"시오라멘 맛있습니다.

 해산물 과 닭육수라서 돈코츠라멘 식으로 진한건 아니지만..

간 강하지않고 자연스런 맛 추구하는분은
지나다 드셔보실 만합니다.

짜고 맵고 이쪽류좋아하시는분은 굳이
여기아니어도 만족스러운곳 많을거에요.

주말 12시넘어가며 반즘부터 웨이팅길어지니
조금만일찍! ",5
너무 맛있음.. 서울역 갈일있을때 여기서 매번 먹음 유자향과 루꼴라의 조화가 상큼함,5
한국에 흔치않은 소금라멘을 무한으로 먹을 수 있습니다. 유자도 들어가서 독특합니다. ,4
평타 - 유자라면,4
"최고~ 
직원분들도 친절하심bb
나중에 생각날 것 같은 맛:)",5
,4
"은은하게 퍼지는 유자향, 짭잘하고 진한 육수의 맛, 가늘고 쫀득한 면발의 식감, 두툼하고 적당한 간이 베인 고기, 적당한 반숙의 계란. 계속 생각나는 맛과 향",5
"유자향이 가득한 맑은 스프와 쫀득한 면발, 스테이크처럼 두툼하고 짭쪼름한 챠슈와 죽순 토핑이 완벽하게 어우러진 명품 시오라멘 배리 굿 !!!
",4
유자향이 라멘이랑 잘 어울려요:) 부추 김치도 맛있고 유자소스 각 테이블에 비치해놔서 입맛에 맞게 추가할 수 있도록 한게 좋았어요.    면이 얇고 탱탱해서 다른 라멘집면이랑 다르네여~ ,5
"점심 때
계란 추가 하나만 했는데 둘다 계란 서비스 주심
저녁 때
다시 갔는데 계란 그냥 서비스 주심
잘먹었습니다 계란",5
,4
,5
"유자향 너무 좋아요!
조금 짜긴 했어도 맛있어요 ㅎㅎ
분위기 최고",4
줄서 먹을 정도는 아닌듯하며 가성비는 떨어짐. 친절한 직원들~,3
유자를 쓰는게 특이하긴 했으나 웨이팅 해가며 먹을 정도인지는 의문...,2
오 괜찮은데요? 깔끔하고 속도 편안하네요ㅎㅎ면이 뭐랄까 식감이 전 너무 좋았어요 ㅋㅋ 돼지고기는 얇은 그런게아니고 도톰한 기름진 목살이라 추가는 따로 안해도 넉넉할듯 하고요! 서울역 왔다가 큰 기대없이 갔는데 만족합니다 ㅋㅋㅋ,5
깔끔한 국물 ,4
"기대보다는 평범
같이 주는 부추김치랑 먹기에 조화가 좋음",4
맛은 그냥 맛있는 라멘! 직원 분의 태도는 여기는 너 아니어도 많은 손님들이 오니 알아서 먹고 가거라!라는 멋있는 자세! 머리가 긴 남자직원 분의 업무 태도에 경악하고 갑니다 ㅎ 많은 라멘집 중에 굳이?...,1
"간장보다 소금추천합니다. 국물은 간장은 짜고 조화가덜된맛이었지만 소금은 잘어우러지는 맛이어요. 국물만본다면 일본에서먹은 라멘만은 못했지만, 계란 차슈 면 은 더 나았습니다. 서울역에 간다면 들러서 먹을만한 맛집입니다.
+ 매운 라면은 간장 추천합니다. 서울역갈때마다 생각나는 맛집",5
"일본가서 먹어보니 한국에서 먹은 라멘 다 가짜였다
여기서 진짜를 되찾음!
소유라멘 없는그 아숩",5
,5
맛이 있으면 뭐합니까 서비스 수준부터 올리세요,1
마시떵,5
국물이 일품이네요^^ 담에 또 갈게여~~,5
유즈라멘 독특하지만 맛있다,4
"와우 너무 맛있다 
유자소유면 육수 면 다 너무 완벽하거 맛있엇어요 
유자소금이랑 매운유자간장도 먹었는데 유자소유가 젤 맛있었음 면이랑 육수 리필해주는 것도 넘 좋네요 ! ",5
라멘은 처음엔 맛있고 다 먹어갈때쯤 느끼한데 여긴 부추김치??? 가 신의한수 넘넘 맛있당 히히 직원분들도 친절쓰하공 화장실은 안가봄~,5
,5
진짜 완전 인생라면이라 할 정도까진 아니얐지만 밸런스가 좋았습니다. 맛있게 잘먹었습니다. 또 올께요,5
"아직 시오만 먹어봤지만 면,육수 모두 맛있습니다.
많이 먹어왔던 돈코츠랑 다르고 유자향이 잘어울려서 
흔치않은 맛이에요.
",5
깔끔한 맛 유자맛이 독특함. ,5
합리적인 가격 맛도 괜찮음,4
"이베리코 차슈가 어마어마함. 차슈는 반드시 추가하자. 후회하지 않을 것임. 
자가제면이고 면과 스프 추가 무료. 넉넉한 인심에 감동. (19년 현재 8개 추가가 기록이라고 함.)
유자소스는 테이블에도 준비되어 있음. 머리가 긴 손님을 위해 고무줄도 준비해두신 디테일함에 한 번 더 감동.
겨울시즌 메뉴로 하루에 20그릇만 한정판매하는 백합트러플라멘은 기회가 되면 꼭 먹어보길.
&mdash;&mdash;1년만에 평가 추가&mdash;&mdash;
여전히 내 마음속 원탑라멘집. 깔끔한 국물이 생각나면 무조건 여기임. 올 여름에 추가된 육회츠케멘과 메밀소바도 아주 맛있음. 사진추가함. ",5
우리나라에 쇼유 시오라멘 자체를 잘만드는집이 없어서 그냥 평범하게 만든 라멘도 다들 맛집이라고 추켜세우는듯... 오늘 서울역간김에 갔는데 굳이 찾아갈 맛도 아니고 그냥 평범에 또 평범했음...,3
챠슈가 맛있습니당 매운라멘 맛잇어용,5
"맛은 대체로 짜요
그리고 사장님 이 나간 그릇은 이제 좀 바꾸시죠
국물 마시다 깜짝 놀랐어요
일행 먹는 동안 화장실 다녀 왔더니 그릇도 치우고 혼자 나와서 기다리네요",3
명불허전 유명한곳은 이유가 있음,5
"제일 좋아하는 라멘, 차슈가 일품",5
맛도 내부구조도 특이함ㅋ 혼밥러들이 많이온다,5
유자시오,5
"경기도 사는데 먹으러 오는 맛 
벌써 6번째",5
오늘도 간다,5
츠케멘 너무 맛있어요!,5
면이 얇고 직원분이 무서워욥,4
유자랑 조화가 잘 된 라멘입니다. 깔끔한 라면 중에선 여기가 제일 맛있는 것 같습니다. 일본 라멘이 먹다보면 느끼하다인데 여긴 그런 게 없어요. 추천합니다!,5
"돈고츠 라멘을 좋아하시는 분이라면 여긴 별로일 수 있어요
대신 저처럼 느끼하고 무거운 국물을 싫어하신다면! 그리고 루꼴라를 좋아한다면! 꼭 와보세요
면도 직접 통밀로 뽑으신다는데 식감이 너무 좋고요
죽순을 꼭 추가해서 드세용",5
돈코츠 맛있어요,4
"나름 먹을만한 곳입니다
새로운 시도가 좋은 유자향입혀진 라멘이
이곳의 특징입니다
차슈를 자꾸 극찬하는게 조금 의아한
무난한 맛입니다",3
Dont go 츠 라멘을 먹을걸 그랬어,3
한국인 입맛용의 라멘이었습니다. 정통파는 실망하실 겁니다,1
"무척 맛있어요!!!!!!!!!!
라면에 유자랑 루꼴라의 조화가 미쳤음ㅠㅠ
라면에 얘네들이 이렇게 어울릴줄 몰랐어요!!
느끼함도 잡아주고 뒷맛이 깔끔해요!!!
차슈도 두툼하니맛있어요 말해뭐함ㅠㅠ
직원분도 친절하시고
사람이 많은데 어느정도 기다릴만해요!!!",5
차슈 진짜 맛있음 ~,4
여기 차슈는 스테이크급,5
,4
일본 유명 라멘집에 뒤지지 않는 맛집..,5
국물 진짜 깔끔하고 루꼴라랑 유자향 엄청 개운한 느낌 들어요 차슈도 너무 맛있음,5
,4
"면 무한리필+맛+차슈 최고
일찍가면 웨이팅 없으나 점심시간때 되면 웨이팅 기다려야하니 참고하시길!",5
つけ麺,3
기다릴 땐 먼저 주문 하고 대기번호 받기.,5
"최근 먹은 가장 맛있는 라멘
면의 질감이 특히 좋았다",5
"나의 힐링 음식
라멘 먹으면 항상 느끼해서 마무리가 개운치 않은데 이건 유자의 상큼함 덕분에 끝까지 깔끔하고 개운함. 죽순이랑 차슈 추가 꼭 하시길,,,",5
기대를 많이 하고 갔는데 기대만큼은 아니었습니다. 그래도 맛은 있었어요. 그리고 차슈가 약간 질겼어요ㅜ,3
,4
"차슈와 면,국물 모든게 완벽합니다",5
"은은한 유자향, 면과 루꼴라의 환상적인 조합.
가히 손에 꼽을만한 차슈의 맛.",5
,2
면을 먹든 국물을 먼저 먹든 아님 챠슈를 먹든 입에 넣자 마자 입가에 미소가 번질 것이다. 유자가 이렇게 찰떡일줄 알았으면 미리 와 봤을거다. 참고로 난 유자차류 있음 먹지만 좋아하지는 않음. 그런데 여기선 유자액 콸콸 부어 먹었다. 짠맛도 중화시켜 준다.,5
유자맛때문에 호불호 갈릴수도 있겠지만 유자없이 먹어도 너무 맛있습니다~~ 게다가 차슈는 최고! 다음에 또 기다려서 먹을거에요! ,5
"깔끔한 국물의 라멘
차슈 두께가 대박
향긋한 유자향은 플러스
면도 잘 어울림",5
,5
일본 현지 라멘집에 뒤지지 않는 맛.,4
"국물도 깔끔하고 차슈는 묵직하게 들어오는 것이 훌륭했다. 유자햐도 은은하게 방해되지 않게 곁들여지니 인상적.
무려 국물과 면은 무료로 리필까지 된다. 매우 맛있었다.",5
"유즈시오라멘 :
차슈가 맛있다. 구운 고기맛이 확 느껴짐.
차슈 추가해서 먹었는데, 다음엔 추가 안해도 괜찮을듯. 양이 꽤 많다.
차슈랑 루꼴라가 잘 어울렸다.
처음에는 유자향이 적응이 안 됐었는데, 국물을 먹을 수록 유자가 입안을 상큼하게 해주는 것 같다. 국물이 심하게 짜거나 하지 않아서 자꾸 손이 갔다.",4
"가오픈 때부터 다녔던 라멘집
갈 때마다 맛이 조금씩 다르지만,
서울에서 이 정도 라멘집은 흔치 않음
하지만 갈수록 처음의 감동이 줄어드는 건 사실

그래도 한 번 이상은 가 볼만 한 가치 있는 라멘집",4
국물맛도 깔끔하고 면도 맛있어요. 차슈가 점 도톰해서 좋아하시는 분도 있지만 전  약간은 느끼했어요. 입맛의 차이겠지요. 자리 안내나 설명 등 아주 친절하게 해 주셨고요. 맛있게 먹고 나가려는데 비가 ㅠㅠ 우산이 없어 당황하고 있다가 그냥 나가는데 뒤에서 부르시더니 우산을 주셨어요!!! 너무 감사합니다. 덕분에 오늘 하루가 더 즐거워졌습니다! 다음에 또 갈게요. ,5
"인생 라멘...
솔직히 일본보다 맛있음",5
"인터넷에 극찬이 많아 일부러 갔는데 제 입맛엔 맞지 않았어요ㅠㅠ 다시마육수에 닭기름, 유자즙 넣은 맛입니다 무엇보다 세 가지가 어울리는 조합처럼 느껴지지 않았어요 차슈도 퍽퍽했구요... ..ㅠㅠ 먹고나서 닭기름 때문에 목이 니글거렸고 라면값 9000원으로 살 수 있고 먹을 수 있는 것들이 집에 오는 내내 계속 떠올랐어요..
벽에 걸린 사진도 멋스럽고, 음악이 나오는 기계도 독톡하고 예쁜데 라면은...ㅠㅠ",1
맛있어요. 차슈가 chunky한 이베리코인게 특이하네요,5
"서울 No.1 라멘 면. 대기시간 줄여주는 시스템&amp;공간활용도 좋음
.",5
진짜 맛있어요!,5
"훌륭하다. 진한 육수, 야들한 차슈, 약간의 거친 느낌이 나는 면까지. 가격은 0.9, 하지만 값어치 하는 퀄리티.",5
"이베리코 차슈가 인상적이었고, 유자향 나는 시오라멘은 호불호가 갈릴것 같았으나 향이 강하지 않고 깔끔해서 좋았다.",4
깔끔한 시오. 듬직한 츠케멘,5
,5
정말 담백하고 맛있습니다. 국물까지 다 마셔본 라멘은 처음인 것 같아요. 차슈도 부드럽지만 두껍고 정말 맛있습니다! 곧 다시 방문할 것 같아요.,5
"한국에서 느낄 수 있는 라멘 중 높은 티어다.
 첫 방문이라면 유자가 첨가되지 않은 기본 라멘을 추천한다.

츠케멘은 일반적 멘야의 츠케멘이 아니라 그냥 다른 음식이라고 생각해야 한다. 팔도비빔면이 떠오르는 맛이랄까.. 

 그리고 언젠가부터 한국에서 친절한 음식점을 만나기 힘들었는데 이곳은 진심으로 손님에게 친절하다. ",4
,4
츠케멘 존마탱입니다,5
차슈 최고입니다. 차슈 추가해서 먹을만해요.,5
한국서 먹어본 곳 중 최고의 라멘집,5
"화이트 아인슈페너 너무 맛있어요
아메리카노에 수제크림 올라간 (블랙)아인슈페너완 다르게
라떼에 수제크림을 더한 음료인데 짱맛
까페 나오니 카페인 과다 섭취로 심장이 두근두근 했지만
적산가옥을 개조한 까페 분위기도 너무너무 멋졌어요
재방문의사 있습니다",5
무난했다 근처에 있다면 또 들릴 듯,3
공간은 좋은데 커피 진짜 조그매요,4
,5
진짜 너무 멋스럽고 분위기 있어요 빵도 많구 음료도 시그니처 차로 시켰는데 보통 카페에 있는 차 시키면 걍 티백 하나 넣어주고 우려지지도 않은 맹물 받는데 여기는 충분히 우려내고 너무너무 차서 차 맛이 안느껴지는 아이스의 단점도 없이 너무 좋아요. 엄마아빠랑 같이 오고싶네요,5
선곡좋고,5
무난한 동네카페,3
이쁜 적산가옥;; 어? 근데 빵이 왜 이렇게 맛있어;; 먹다 흥분해서 아침부터 빵 2차전;; 대파크림베이글 필수템 꼭 드세요,5
"서울역이 생각보다 붐비지도 않고, 주말에 밥먹고 카페까지 가기에 정말 좋더라구요,,, 그 와중에 즉흥적으로 가본 카페였는데 좌석들도 널찍하고 깔끔하고, 편하게 잘 구비되어 있어서 좋았고, 생각보다 가격들도 착한편이었습니다. 브루잉커피가 6,500원인 게 꽤 만족스러웠습니다. 커피는 산미가 있는 원두 2개, 산미가 없는 원두 1개이고, 맛 묘사가 꽤 구체적으로 되어 있어서 선택하기에도 어렵지 않았고, 정말 깔끔하고 맛있었어욥 !! 그리고 여기서 제일 좋았던 건 크루키,,, 요즘 유행이길래 하나 먹어봤는데 정말 적당히 달고 맛있더라구요 꽤 포만감도 있었습니다 크기가 커가지구,,, 아무튼 전반적으로 좋은시간 잘 보내기에 안성맞춤이었습니당 추천추천 !! (단체손님이시면 더더 추천드림 !)",5
"커피는 보통!
카페가 예쁘고 감성있긴한데 계단이 가팔라서 노약자는 조심하세요 😃",4
"넓고 시원하고 깨끗 
개미굴처럼 여기저기 자리가많고 편함 맛은무난 ",5
"시그니쳐티 가격 값을 전혀 못함
커피를 주문하는게 나아보임

에그타르트도 특별하지 않음
장소는 이쁨",3
평점 보고 갔는데 직원들 태도때문에 너무 실망. 주문 받을 때도 히히덕 거려서 짜증났는데 &ldquo;진동벨로 알려드릴게요&rdquo; 라는 말도 끝까지 안내뱉으시더라고요 ㅋㅋ 말은 끝까지 하셔야죠~ 카페 내부도 청결 상태가 영... 손님 차별대우도 하는듯 틀어주는 노래도 너어무 시끄럽고 공간 분위기 다 해쳐요. 다시는 가고 싶지 않아요.,1
적산가옥 로스팅전문 1932,4
드립커피 맛있어요 자리가 좀 적음,3
분위기 좋아요. 아래층 위층 갈수 있고요. ,4
조아용,5
"기차 타러가기전에 시간적으로 여유 있을때 여기 카페 이용하시는거 추천드려요 다만, 서울역 승강장까지 조금 거리가 있으니 참고",5
"패밀리레스토랑같아요
찾아가기 힘들었지만 뭔지 모르겠는 저 까만 빵 존맛입니다 헤헷",5
분위기 맛집이에요. 노래랑 카페 인테리어랑 너무 잘 어울려요,5
"자주는 못가고 가끔씩 가는 데 갈때마다 만족했어요. 이번엔 더 이상은 못 걸을거 같다는 관광객 친구들을 땡볕에 한참 걸어 데려갔는데 다들 오기 잘 했다고 좋아했어요. 
직원분들도 친절하고 커피도 빵도 맛있어요. 
드립백 커피도 보통은 매장에서 먹는 것과 다른 경우가 많은데 더하우스는 똑같네요!!!
",5
아늑한 목조주택카페 커피가 맛있다 자리배치는 살짝 아쉽다 ,5
"목조 주택이 주는 편안한 느낌이, 이카페의 강점인 듯 해요.

맨 위층에는, 빈 백이 있는 좌식 자리도 한 4 테이블 정도 있어서, 편하게 기대서 쉴 수 있어요.

음료는, 맛은 괜찮은데, 음료만 보고 일부러 찾아올 맛까지는 아니에요.

서울로7017 시작점 중에 하나가 바로 근처라, 산책 오다가다 들리기에는 좋은 듯 합니다.",4
"분위기도 좋고 2층 자리도 아늑해서 너무 좋았어요😄💕 티라미슈도 적당한 코코아 맛과 마스카포네 치즈, 커피 맛이 어우러져서 입에 사르르 녹았습니다🩷🙈 다음에 또 방문해서 다른 페스츄리류도 먹어보고 싶어요~!😍",5
,5
오랜 숨결이 살아있는 서울역 카페,5
"One of the best pastries I had (even compared to france) in such a beautiful location.  My favorite cafe in Seoul so far.

Les meilleures p&acirc;tisseries de Seoul (et une des meilleures que j ai pu go&ucirc;ter,  m&ecirc;me en comparaison aux p&acirc;tisseries fran&ccedil;aises). Mon caf&eacute; pr&eacute;f&eacute;r&eacute; de Seoul en tout cas!",5
"서울역 인근 최고의 커피숍.

맛, 친절, 분위기를 모두 갖춘 전통과 역사가 있는 커피숍.",5
커피랑 빵이랑 다 맛있어요 근데 2층은 올라가려면 거의 클라이밍 해야합니다ㅋㅋㅋ2층 분위기가 더 좋아요,5
,3
,5
,5
,4
"좋아하는 곳, 비올때 가면 좋습니다 ",5
공간이 넓고 다양하게 있어요. 분위기 좋아요,4
아늑한 분위기로 넓어서 어른들과 가도 좋습니다~,4
"옛스러워서 좋긴 한데. 어느 한 공간에는  한복입은 전신 초상화의 마님이 커피 마실때마다 눈마주처서 부담스럼.
일찍가면 아래  건너편 1932베이커리에서 빵 올때까지 빵이 없음.",4
머신드립 에티오피아 아이스 시켜먹고있는데 인생드립커피입니다. 와인같음!! 진짜 핸드드립 좋아하시면 강강추! 산미원두 드립 잘못하면 식초물인데 엥간한 손맛보다 머신이 낫다는거에 놀람. 진짜추천,5
커피 꽤 맛있는데 자리가 없음,4
,4
산미있는 커피 굿!,4
굿. 커피 무난하게 맛있음. 다락방 분위기가 좋습니다. 나무 삐걱거리는 소리 오랜만이네요.,4
,3
"가격이 좀 비싸긴한데 그거 제외하면 너무 맛있음
빵 하나만 먹어도 나머지 빵 모두 신뢰가는 느낌
바질 크로아상 추천
대구 크로아상 전문점 보다도 훨 맛남",4
,5
"분위기는 괜찮은데, 윗층에 의자 자리가 좀 더 있었으면 어땠을까..라는 생각이 드네요.

커피 맛있습니다!",4
,3
커피랑 베이커리가 감동까지는 아닌데 분위기가 감동이에요. 구석구석  #주차 는 당연히 안됨 #카카오T로 주변 주차장 예약했음,5
,5
"아몬드 크로와상이 모든걸 지배한다. 진심 그거 먹으러 서울한번 더가야하나 생각날정도에요 분위기도 꽤나 고풍스러워서 좋았습니다.
 뚜벅이라 위치가 매우 불만이지만 그건 제 사정이고, 그럼에도 재방문의사 있기때문에 5점드립니다",5
"제가 실수로 커피를 와장창 쏟았는데 직원분들이 친절하게 다 수습해주시고 커피도 따뜻하게 다시 내려주셨습니다. 감사합니다!
커피 정말 맛있었고(특히 라떼!) 공간이 넓고 아늑해서 담소 나누기도 좋았습니다ㅎㅎ",5
맛있고 향긋하고 인테리어 예쁘고 다 좋은데 저도 계단이 너무 무섭더라구요. 안전성때문에 별을 빼는게 맞나 싶긴한데 맛때문에 또 방문하고싶은지라 계단은 개선이 되었으면해서 4점으로 남깁니다ㅠ,4
2층 분위기가 오래 된 느낌이 들어 더 좋긴한데 계단 내려올 때 진짜 무섭다. 다다미가 오래 된건지 부스러기가 고양이털같이 묻었음. 크루아상 음료 다 맛있음 고소한 커피,4
"아메리카노: 커피 맛은 잘 모르지만 나는 괜찮았다. 산미는 없는 듯. 가격은 4,900원
기타: 공간이 넓어서 이야기 나누기에 아주 좋았다.",3
커피랑 베이커리 모두 맛있어요. 특히 빵 종류는 전부 깜짝놀랠만큼 맛있습니다. 오래된 가옥 같은 건물이라 분위기도 좋습니다. 가끔 너무 붐빌 때가 있으니 참고하세요.,5
클래식한 느낌과 모던한 느낌이 공존하는듯.. 아이슈페너 최고! 맛있었음,5
"사람 엄청 바글바글 2층, 지하1층 가는 계단이 상당히 인상적이네요..ㅋㅋ 머리를 세게 박았답니다 그치만 커피맛 좋았고 여긴 빵이진짜와 크로와상 꼭드세요 가격도 합리적이고 크기도 엄청나고 굿굿",5
,3
커피에 대한 기대가 컷나?? 음 ㅜ,3
,4
"주말에는 자리 잡기 어려움.
베이커리도 종류 한정 되어 있어서 아쉬움.
편안하게 이야기 할 수 있는 분위기.
근데, 음악소리가 커서 줄이면 더 좋을 듯",4
,4
직원들은 불친절한데 커피는 맛있음 ,3
"가격이 좀 있으나
분위기 다양함
커피 나쁘지 않고..",3
"음료와 디저트 평범하게 맛있고 카페가 너무 예뻐요.
좌석 여기저기 오밀조밀하게 있어서 원하는 자리 찾아다니는 재미가 있네용
직원분들 친절하시고 분위기가 좋았어요.",5
,5
밀크티가 덜달구 딸기향났음. 빵은 쏘쏘. 치아바타에 올라간 치즈가 맛남,3
,4
"커피와 빵 모두 맛있고 (가격이 저렴하진 않지만) 분위기가 너무 좋아요. 이름처럼 오래된 주택-적산가옥-이었던 곳이라 공간 자체가 크진 않지만 죄석이 다양한 형태(소규모, 대규모, 탁자, 심지어 좌식까지)에다 간격도 넓어서 있는 동안 좋은 시간이었어요. 서울로의 끝자락이라서 산책하다가 사기에도 좋구요. 

다만 입구에 있는 체온측정기는 좀 어떻게 해주셨으면. 거의 모든 손님이 처음엔 QR인줄 알았다가 손을 정면으로 댔다가 거리조절 했다가 버벅거리시던데 앞에 사용 예제 사진이나 그림이라도 두시면 이 좋은 카페의 첫 느낌이 당황스러움은 아닐 수 있을 것 같았어요.",4
"좌석이 많지는 않습니다만 간격이 넓어서 좋습니다. 쿠션좌식도 있고 아기자기. 
다만 커피는 다 산미 베이스라 다크한거 좋아하시는 분은 비추합니다. 맛은 좋습니다. ",3
불친절한 직원분 있음. 근데 디카페인조차 맛있는 커피. ,4
"음식 맛있고, 음료 맛있는 카페! 다만 2층 계단이 너무 오르내리기에 가파르고 위험했다. 구축가옥의 매력&lt;&lt;&lt;무서움...",4
분위기 좋고 좌석 편함,5
음료 너무 맛있어요~!!,4
"충격적인 맛. 


아포가토",5
나쁘지않아요,4
공간이 넓고 예뻐요 좌석이 편해요 직원 친절하시고 커피 맛있고 디카페인 메뉴가 많아서 좋아요,5
,5
넓고좋아요,5
,5
너무좋아용,5
공간구성이 뛰어나다. 3층계단은 약간 안습. 야외테라스도 있어요.,5
,5
,5
계단이 개빡센데도 불구하고 손님들이 너무 많이 찾아온다는게 유일한 흠 자리가 없음 아주,5
"플럼밀크 맛있! 공간 넓고 다양한 인원 수용 가능
",4
소금빵,5
Coffee,3
"빵 존 맛
샤인머스켓 어쩌구 음료수 존맛
",5
굉장히 편안한 좌석도 있긴 하지만 대부분 테이블이 허리숙이고 이용해야해서 불편. 직원들 불친절! 올 때마다 직원들 때문에 기분 상하는듯 이용 못하는 좌석은 사전에 뭘 붙여놓거나해야지 이미 음료도 다 나온 시점인데 여긴 이용 못하는곳이다 툭 던지는데 다른 곳 만석이라 어쩌지 했는데 거의 응~그건 내알바아님 뉘앙스로 대답. 특색있는 곳인건 맞지만 커피맛은 사실 별다른것 없음,2
"어색한 사람들이랑 가기 딱 좋은 카페
이 카페 자체가 대화 소재가 될 수 있음",5
"무선 충전기, 분위기 좋았음!
높이가 약간 낮으니 키가 큰 사람들은 머리 조심하시고.. 특히 지하로 오르내리는 계단은 좁고 통로도 협소하니  주의를 요함...!",4
"주택을 멋스러운듯 정감가는듯 옛스러운듯하게 개조해 요즘의 레트로감정에 부합하는｡ 
시그니쳐 차는 조금 달큼｡ ",4
"근대주택 개조한 카페
고풍스런 느낌과 현대적 느낌 같이 있는듯ㅎ
커피와 빵도 맛있음
사진 찍기에도 굿~",4
"아기자기한 실내공간과 맛있는 빵 그리고 커피 등은 너무 좋은데, 주차공간이 없어 살짝 아쉬웠어요♡^♡",4
커피맛은 보통이에요. 장소는 넓은데 사람도많아요.빵은 안먹어봐서 모르겠어요. 그렇게 끌리진 않더라고요. 만리동 오면 그래도 한번 가볼만 해요 ,3
쉬어가기 좋은 곳,4
공간도 좋고 커피맛도 나쁘지 않은데 bgm은 나쁘다,3
커피는 맛있지만 고객응대 아주 나쁨,1
장소가 넓직하니 적당히 분리된 느낌에 편히 쉬다 왔다,5
맛있고 내부 분위기도 좋음 사람이 많아 자리찾기가 힘든 단점,3
"분위기있고 좋다. 옛 건물을 손봐서 만든 곳이라 구경하는 재미도 있고 좋았음, 커피도 맛있음",4
"커피3 / 디저트? / 분위기5

사진 : 아이스 밀크티 &amp; 아인슈페너+브라우니

전날 과음으로 디저트는 맛도 보지 못함.
커피에 대해서는 잘 모르나 독특한 맛이 있는 듯했음ㅋㅋ 아인슈페너 커피는 신맛이 강함.
분위기 깡패!",4
,4
화장실 앞자리 안내받아서 앉았는데...냄새가 납니다...화장실 냄새가 끊임없이 나서 별로였어요...사실 음식도 그렇게 맛있지는 않았어요. 그나마 피자가 먹을만 했습니다.가실거면 걍 피자 드세요,2
"전화로 예약 다했는데 전화 안한거 같다해서 전화내역 보여주어도 이미 어쩔수 없다는 답변만 받고.. (미안하다는 말 일절 없음) 일찍가서 그나마 좁은 자리라도 앉았기에 망정이지 아니면 난감할뻔 했네요ㅎ 예약하시는 분들
두번 세번 확인하세요^^ 
( 맛은 평범+ 가성비 아님/ 서울역에 있다는게 제일 메리트)",2
불ㅜㅜ친절ㅜㅜ해요ㅜ 가격대도 낮지 않은데 상응하는? 서비스?는?아닌ㅜ것같아요ㅜ ㅜㅜ  ㅜ ㅜ 화장실 앞에 자리에서 화장실 다 들여다 보여ㅜ요 ㅜㅜ,1
이 근처 식당 찾아보다 평이 많아서 갔는데 가격대비 음식 맛은 쏘쏘입니다 집에서 해먹어도 나올 수 있을 것 같은 맛..! (요리를 좀 한다 기준) 크게 재료 간의 조화를 찾아볼 수 없어 아쉬웠습니다 그리고 점심을 넘은 애매한 시각에 갔는데 시끌시끌 동네 술집 느낌..ㅠ.ㅠ,3
,5
맛있었어요 뇨끼랑 라자냐,5
"날좋을땐 사람이 많아서 어수선함
3-40대 남성직원분이 그렇게 친절하진 않으세요
맛도 무난",3
피자랑 파스타 시켰는데 파스타 소스는 물처럼 흘렀어요 그냥 면 삶아서 소스에 버무리고 그냥 내놓은 것 같은&hellip; 면과 소스가 따로놀았구요 소스만 먹어도 아무맛 안나게 싱거웠어요 피자는 너무 짜서 파스타 소스 얹어먹으니 간이 딱 맞았습니다ㅎㅎ 가격은 둘째치고 얻어먹어도 맛있다는 말은 안나올듯 피자랑 파스타 남기면서 아깝다는 생각이 안든건 처음이었어요 직원분들 친절하긴 했는데 너무 떠드시고 어수선해서 그냥 배만 채우고 남긴채로 나왔습니다,1
"주말에도 예약해서 갈 수 있어서 편하고 직원분들이 친절해요

주문하고 나오는 메뉴마다 맛있었어요",5
모든 메뉴가 가격대는 좀 있는편인데 양이 너무 적고 재료도 뭐가 없어요&hellip;ㅠ 피자는 식으니까 짜고&hellip; 리조또는 숟가락으로 한번 떴는데 그릇 바닥 긁음&hellip; 공간이 엄청 좁지는 않은데 아무래도 한잔 하시러 오는 손님들이 많아 대화하기 좋은 곳은 아닙니다 만리재길 분위기 느끼는거 원툴인듯,2
뇨끼 꼭 드세요 감자뇨끼가 ㄹㅇ 존맛탱 근데 가성비는 좋다고 못함,4
,4
,5
"0점은 못주네요? 여기 식사하려다가 밖에 강아지 묶인거보고 다른집 갔습니다.
딱봐도 보더콜리 활동량은 못채우겠고, 손님들이 터그놀이해서 활동량 채워줬음면 하시는거같은데⋯. 
이거 동물학대입니다. 중형-대형견을 길에 묶어두는 거 다른사람에게 위협이 될 수도있구요;;
정신차리셨음 좋겠네요",1
여긴 회식 갔다가 2차로 여러번 왔는데 피자가 찐으로 맛있음 트러플감자튀김인가 그것도 괜찮고 흑맥주...괜찮음... 사진 찾기 귀찮아서...못올리겠다...,5
진짜 맛있다 특히 피자가 예술이다 스테이크도 부드럽고 맛있었다 재방문의사100%,5
"맥주는 맛있는데 그외에는 다 별로..
파스타도 너무 짜고 느끼하고.. 음식들이 전체적으로 다 별로인것같습니다.
가게 분위기도 너무 어수선해서 들어갔다가 밥만 후딱먹고 도망나왔어요",1
"루꼴라피자, 라쟈냐, 풍기리조또, 포테이토뇨끼 시켰는데 하나같이 다 맛있어요.....! 특히 라쟈냐랑 뇨끼 소스는 너무 맛있어서 싹싹 긁어먹었을 정도🤤 뇨끼는 포테이토뇨끼(노란색 치즈소스)였습니다!",4
새우 리코타 샐러드 볼로네제 아란치니 파스타,4
,5
양이 적어요. 제가 많이 안먹는 편인데도 적었어요. 잘먹는 분들이면 배에 반밖에 안찰것같아요. 봉골레 엔초비 파스타 짜요. 면도 덜익었네요. 조개국물맛이 안나요. 그냥 조개얹은 멸치파스타임. 같이 시킨 다른 파스타도 그냥 그랬어요. 이것도 양 적어요. 음료는 맛있네요. 뭔가 있어보이게 이것저것 올리긴 했으나 빛좋은 개살구입니다. 분위기빨로 승부보시는듯.,2
"볼로네즈 아란치니 맛있고

야외 테이블 자리가 최고다.",4
,5
"만리재 서울로를 산책하면서, 기네스 종류가 세가지가 된다는 점 그리고 분위기가 좋아 홀린듯 입장랬던 가게입니다
전반적으로 좋았지만 동행했던 지인들과 입을모았던 아쉬운 점이 있습니다. 가게의 이국적인 컨셉과는 전혀 다른 노래가 분위기를 흐리더라구요,, 가게가 정말 좋았기에 사장님께 건의드리고자 후기 남깁니다
노래 장르를 가게에 더 어울리게 바꿔주세요..!",4
"제가 서울에서 가장 좋아하는 양식집입니다. 포테이토 뇨끼는 정말 색다른 맛이고, 여기 피자는 진짜 쫀독하니 계속 생각나는 특별한 맛입니다. 여러번 방문해봤는데 이번에 시킨 풍기피자! 토핑도 푸짐하고 담백하니 너무 맛있습니다. 처음 방문하신다면 포테이토 뇨끼와 풍기피자 추천드립니당",5
피자와 파스타가 기억에 남습니다.,5
앉는 자리가 너무 비좁고 테이블은 작은데 복작복작해서 더움; 가격에 비해 portion이 너무 작고 치즈도 노맛..,3
"음식도 훌륭하고 분위기도 좋다.

영국 펍에 온 듯한 느낌.

한가지, 민소매 차림의 건들건들한 남자 직원은 가게를 위해 안나오는게 좋을 듯 하다. ",4
"맛 그냥 쏘쏘?ㅋㅋㅋㅋ 웨이팅할만큼의 맛은 아니에요
화장실 진짜 좁아서 변기랑 무릎 앞 사이공간이 1도 없어요. 음료수도 미지근하고, breaktime 직후에 갔는데 식기세팅도 안되어있어, 냅킨도 없어~ 뭐 되어있는게 없더라고요. breaktime 이 다음 장사준비하는 시간이 아니라 걍 진짜 쉬는 시간인가봐요. ",3
"분위기 좋아요.
맛도 괜찮았습니다.
옆 테이블 피자 비주얼이 대단해서 다음엔 피자 ㅓㄱ어보려구요",4
"와~ 5시간 웨이팅! 인기!만!점!
7:09에 웨이팅 등록했는데 12:09까지 단 한테이블도 안빠지는 맛집! ;;;;; ",1
통창 밖의 풍경이 아주 아름다워서 평이한 음식 맛을 커버하고 혀를 흐리게 합니다.,3
"생맥주 관리 최악
하이네캔에서 시큼한맛 남",2
3.6 무난해요,3
음식이 전반적으로 맛있고 분위기도 조금 어수선하지만 좋아요! 야외좌석도 날씨만 젛다면 앉고싶네요 ㅎㅎ,5
,3
여자들이 좋아하는 분위기 값,2
여긴 나폴리,4
분위기 미챴고 파스타 짱맛집 하이볼도 마셨는데 맛있어유,5
"점심 회식 장소로는 괜찮아보였어요. 하지만 홀 중앙 테이블은 원통형이어서 쩍벌을 해야 식사가 가능하다는 불편함이 있어요. 스테이크 카르보나라, 뇨끼 아마트리치아나 먹었습니다. 카르보나라보다는 크림소스 스파게티였어요. 크림소스가 눅진하지만 스테이크 외 재료가 많지 않아서 식전빵이라도 있었으면 좋겠다 싶었어요. 뇨끼 맛은 별로였어요. 전반적으로 국적 불문의 요리같았는데 메뉴당 기본가격 2만원 이상의 식당이라기에는 재료의 질도 맛도 많이 부족합니다. ",1
"분위기는 좋았는데
음식 맛은 기억이 잘 안남
동네사람들이나
근처 직장인들 점심으로는 정말 좋을듯",3
"음식은 기본적으로 별로입니다.
기대 많이 했는데...

그냥 분위기하고 낮술 하실분에게는 좋은곳이네요.
",3
"


참으로 황당한 곳 1등 

만리재 비스트로가 유명해서 예약하려고 했는데 안 된다고 하더라구요. 별관이 예약 가능하대서 크게 다를 게 없겠지 싶었죠.

근데 웬걸.

이런 걸 별관이라고 한다고요?
메뉴 달라 맛 달라 서비스 달라 굉장히 황당 그 자체.

맛도 서비스도 엉망진창이었던 곳.

(1) 전화 기록 있는데 예약도 안 되어 있었구요.
(2) 음식이랑 음료 ㅎ 주문하고 40분 즈음에나 전부다 나왔죠? 다른 메뉴 취소하고 싶을 지경 이었는데 이미 들어갔다고 하셨던 거 ㅎㅎ 
(3) 이 모든 상황이 테이블이 전부 차 있는 상황도 아니었던 ㅎ
(4) 아 맛도.. 좀 이렇게 팔아도 된다고 생각하시는지 의문 ㅎ

분점이어도 어이없을 판에 별관 ㅋㅋㅋ

일부러 예약한 사람 민망할 지경의 상황을 본인들만 모르나 싶었네요. 

메뉴판부터 시작해 음료, 나이프 하나 챙길 줄 모르고 우당탕탕 허둥지둥.

서투른 걸 떠나서 예의도 없는 서비스에 기함했습니다.

인정하긴 싫어서 한 번을 죄송하다 말씀 안 하셨죠?

웨이팅이 많아 다른 분점을 만들고 싶으면 비슷한 퀄리티 유지해야지 이게 뭐죠. 사기당한 기분마저 들어요.

부디 굳이 만리재 비스트로 가실 분들은 ㅋㅋ 별관에선 본점(ㅋ) 기대 마시길 ㅎ 바랍니다~~

덕분에 만리대 비스트로 브랜드 자체에도 의아함이 매우 추가된 경험이었네요!

",1
피자진짜 프레시하고맛있어요,5
무난해요,3
"와 진짜 맛있게 잘먹었어요
음식도 맛있고 직원분도 친절했어요",5
"가끔 앞을 지나갈 때마다 사람이 많길래 맛집인가 궁금해서 찾아보니 후기도 좋은 것 같아 방문했어요. 그런데 너무 기대를 했나요&hellip;.
음식은 금방 나왔는데 맛은 많이 실망했어요..
정말 이도저도 아닌, 뭔가 전체적으로 기성품을 조리해서 먹는 느낌..?

특히 아란치니는 냉동된 것을 전자렌지에 돌린것 같은 맛이 났고, 소스도 차가워서 당황했네요..
음식을 남기는 것을 싫어해서 왠만하면 다 먹으려다가 기분 나쁘게 배만 채우고 왔네요.. ㅠㅠ

음악 소리는 너무 크고, 저녁시간에 손님 테이블 위에서 재료 손질하시고.. 정신없었어요.

너무 아쉬운 식사였습니다.
재방문은 안할 것 같아요&hellip;. 흑..",1
평일 점심시간에 갔는데 사람이 좀 많더군요. 분위기 정말 좋고 피자랑 파스타 점심 세트메뉴도 너무 맛있었습니다.,5
,4
굿,5
"만리재길이 가진 분위기 즐기러 가는 곳인듯합니다.
음식은... 그냥 평범합니다. 뇨끼는 진짜 별로 였습니다",3
맛밤을 봉지째로 주시다니.. 하니볼은 종류가 많고 맛나요,3
음식 맛은 그냥 귀엽네요. 매장에 무슨 아이돌 노래 나오던데... 분위기에도 음식에도 다 안어울리고 너무 별로에요 :( ,3
,5
"분위기는 좋았으나
음식이 너무 한가지씩 오분 십분 간격으로 나오는데 가족 아니였음 참 애매했을듯
더구나 마지막 음식은 그 전 음식 나오고 이십분 지나서 나오고 스테이크였는데
심지어 맛도 별로였음
그 사이에 우리 보다 늦게 온 사람들 다 먹고 감
화장실이 좀 에러",2
"뇨끼. 버섯리조또 맛없음
양 작음
테라스 분위기는 만족",1
"유럽 어느골목에 온듯한 분위기며
피자,스파게티,모두 맛있었어요
직원들도 친절했어요
오늘 강북삼성병원에서 개념상실직원때메 상처입었는데 치유되었네요~^^
좋은분위기에서 맛난 시간이었습니다~",5
,4
피자랑 기네스 함 시켜보시면 ㄹㅇ 감탄 ㄱㄴ,5
버섯리조또가 제일 맛있었고 그 다음 가지 파스타 ㅊㅊ 드립니다.. 자리가 좀 불편하고 가성비는 별로 좋지 않아요 ! 양식 좋아하시는 분들 도장깨기로 한 번 방문해보세요‼️,3
솔직히 리조또랑 뚝배기 파스타도 별로예여... 평점이 과한 듯 합니다 ㅠㅠ 다행히 웨이팅이라는 걸 하지않아서 그나마 다행입니다....,1
"듣도보도 못한 파스타...
엄-청 늦게나오는데 맛두 별루...
정체를 알수 없는 리조또.. 
진위가 궁금한 뇨끼..

만리재에 당했다",1
"양은 좀 적고 파스타는 맛있는데 피자는 무슨 흙내남. 루꼴라에서 나는건지 로즈마리향이 강한건지 암튼 애들은 맛이 이상하다고 거의 못 안 먹음.
연인들 데이트장소는 괜찮겠지만 아이들 데리고 가족식사는 좌석도 불편하고 그닥임",3
뇨끼 피자 파스타 등 음식 전부 다 맛있었어요ㅎㅎ,5
정석의 이탈리안 그라나 빠다노 아낌없이 갈아 넣어주심 ,5
,5
맛있네요 재방문 의사 있습니다 가격이 좀 나가긴 하지만 양도 많고 질도 좋아요,4
"자리가 너무너무 불편해요........
두군데 앉아봤는데 둘다 넘 불편함 ㅠㅠ
럼주통 같은 테이블에서는 다리를 어떻게 두어야하나여",3
직원분들이 친절하시고 음식도 맛있어요!,5
"찐 맛집까지는 아닙니다만 사장님 친절함, 음식의 담백한 맛, 분위기, 끊김 없이 나오는 음식이 괜찮습니다. 스테이크는 철판에 나오면 좋겠다는 생각이 듭니다. 다 식더라구요!",4
파스타 맛있어요 ㅠㅠ,5
피자 넘나 맛있어요ㅎㅎ,5
별점 4점대인 음식점이라서 기대했는데 솔직히 그냥 그래요.. 존맛탱 이정돈 아니고 먹을만하다 정도 입니다,3
정말 오랜만에 만족스러운 식사를 했습니다! 맛있는거 먹으면 정말 돈을 가치있게 쓴다는 기분이 드는데 오늘 딱 그런 기분이었어요☺️ 30분 웨이팅할 가치가 있었습니다 번창하세요:),5
,5
"예약 확인 과정에서 문제가 있었음. 

가지 피자, 감자 뇨끼, 고구마 피자, 바질 페스토 리조또, 미트볼 스파게티 주문. 감자 뇨끼가 굉장히 맛있었지만 많이 먹으면 질릴 맛이니 무난한 메뉴랑 같이 시키면 좋을 것 같다. 고구마피자는 생각보다 달지 않아 좋음. 가지피자 굿. 베이컨?의 짭짤한 맛이 있음. 바질 페스토 리조또도 맛있고 미트볼도 맛있으나 무난해서 다른 메뉴에 묻힘. 뇨끼&gt;바질&gt;가지&gt;미트볼 순으로 마음에 든다.",4
엄&mdash;- 청 맛있는건 아닌데 친절하고 분위기 있어요. 퇴근 후 맥주 한잔 마시는거 추천. 피자는 도우가 두껍네요. 해물 뚝배기 파스타가 칼칼하고 맛있었어요. 주차는 어려운 듯,3
뇨끼 맛있어요bb,5
"맛있고 분위기도 매우 좋았어요! 
파스타와 스테이크샐러드+맥주조합 최고!",5
"엔틱하고 좋은 분위기입니다
3번정도 방문했었는데
항상 좋은기억 남기고 갑니다

근데 라자냐 맛이 좀 바뀐건가
처음와서 먹었을때랑 느낌이 다르더라고요
맛이좀&hellip; 밍밍하면서 밀가루 먹는느낌

그외에 피자 파스타 리조또 친구들은
맛있게먹었습니다 ",4
마르게리따 피자 굿 ,4
"정통파 좋아하는 분들은 싫을 수 있음

와인은 쏘쏘",4
피자는 그저그럼. 알리오올리오가 맛있었음. 점심에 사람이 많은데 서빙 1명이라 서빙이 힘든지 좋은 서비스를 못바람,4
,3
"양이 적고, 다소 짠 편인거 같지만
맛있고 분위기도 좋음",4
맛있음,4
"정말 맛있었습니다
파스타 피자 어느하나 빠지는것없이 완벽에 가까운 맛이였습니다

특히 피자는 도우와 토마토 소스 토핑이 아주 잘 어울립니다",5
버섯리조또 맛있다,4
맛있는데 양이 푸짐하진 않아요. 그래도 맛있으니까 많이 시켜서 먹으면 좋을 것 같아요~~,3
"2인 런치세트 주문했습니다. 피자가 좀 작고, 먹물파스타인데 신기하게 여기는 면이 검네요.",3
"파스타랑 리조또는 진짜 맛있었어요. 피자는 그냥그래요 
2점 드린이유는 애매한시간대라 저희밖에 없었는데 .. 불친절함을 느꼈어요. 알바생이셨나 .. 아무튼 친구 추천으로 간건데, 다시 가진 않을 것 같아요",2
맛있습니다. 여기 자주방문해요@@ 추천메뉴로 해산물에 로제크림에 까만면발 파스타 입니당,5
입맛 까다운친구도 맛있다고 한 10번넘게 말하면서 먹더라고요ㅋㅋ제가 찾아서 데려간거라 뿌듯했습니다^^줄기상추로 만든 피클도 최고였어요!,5
만리동 최고의 맛집,5
미리 예약하고 가시는걸 추천. 피자 파스타 다 맛있었어요!,5
크리스마스에 예약하고 갔는데 맛있게 잘 먹었어요~ 스피커 바로 아래 앉았는데 노래가 좀 시끄러웠습니다 예약석으로 입구에 가까운 자리를 비워두셔서 좀 아쉬웠는데 사장님이 자리 바꿔주셔서 괜찮았어요 사장님이 친절하십니다!,4
분이기 좋고 맛도 좋았습니다.,5
음식은 괜찮았습니다. 다만 초파리랑 모기 벌레들이 계속 주변에 날아다니고ㅠ 결국 음식과 음료에 들어갔어요ㅠ 생각보다 너무많았습니다.,3
Very authentic Pizza Margherita and Bruschetta. Highly recommended! ,5
Good service and good food.,5
"어 이집?
매니저님? 사장님? 센스가 있으신데요?
분위기 냉삼집 그분위기
그대로 운좋으면 웨이팅 없이!!",5
분위기가 매우 아늑했습니다.,4
맛도 괜찮고 분위기도 좋고 화장실도 좋고,5
,3
,1
고기맛도 좋고 김치비지찌개가 진짜 별미!,4
컨셉이 전부네요 가격 대비 별다른 장점이 없네요 그리고 친절함이 없어요 그렇게 바쁜 거 같지도 않은데...,2
뭔가 애매모호함.. 자리도 맛도 서비스나 친절도 ,2
"몇년간 유행하는 레트로 분위기 냉삼집
술은 6000원대로 비싼편 
굳이 기다렸다 먹을 곳은 아니에요",3
와... 직원들 교육 어떻게 시키면 이렇게 싸가지없게 말하지?? 여기서 먹다가 그냥 나 남기고 왔어요.  진짜 기분 드럽네,1
와 세팅하신다고 해서 기다리는데 정확하게 &rdquo;나가서 기다려 주세요. 뭐 볼거라도 있나. 원숭이 된 것 같은 기분이네&ldquo;라고 하셔서 죄송해서 나왔네요 ㅠㅠ 다신 안 갈게요,1
ㅋㅋ 싸가지개없음,1
너어어어어어무 시끄러워요,1
"이정도면 댓글 알바 아인교 고기는 쏘쏘
근데 같은 가격에 다른 집에서 먹는게 날듯
가성비도 그닥이고 알바생 싸가지없음
옆 가게들 맛있는 곳 많으니까 다른 곳 가세요~",1
술이 비쌈,2
"맛있었어요~
가게안이 좀 춥긴 했지만 가성비 아주 좋게 맛있는 식사였습니다~

약간 잠수교 느낌도 나는 식당이었어요!!",3
"서울역 인근 냉삼 맛집!
직윈분들도 친절하시고 음식도 맛났습니다.
특히 반찬과 양념이 진짜 예술!
재방문의사 100%입니다! ",5
,5
회식 장소로 좋고 연인들 끼리도 와서 밥먹으면 좋은 장소인거 같아요 옆가게에 좋은 술집도 있어서 식사하고 2차로 가면 좋을거 같아요,5
간단히 먹기 좋아요,5
국민회관에서 맛있는 저녁식사와 술 한잔후 서울로 7017 산책까지 제대로 즐겨주고 왔어요 냉동삼겹살 먹으러 갔는데 돈꼬불이라는 메뉴도 궁금해서 주문해봤어요 돈꼬불은 족발맛 비슷했는데 역시 그래도 냉삼인건가 ㅎㅎ 👐 냉삼이 가장 맛있었고 사이드로 나오는 것들도 레트로풍 그릇들에 담겨져서 보는 재미도 있었네요 서울역 오면 국민회관에서 냉삼 꼭 드셔보시길❣️,5
,5
"냉삼 맛있음
알바는 아닌것같은데 고객응대에 좀 더 신경쓰기를",3
"근처에 고기집 검색하다 알바 평점에 속아서 갔었음 알바생들은 통로에서 담배 뻑뻑 ㅋㅋ
이 근처에 괜찮은 고기집하면 무조건 성공함",1
고객응대가 별롭니다. 본인들이 포스기 잘못찍어서 계산 실수 해놓고 고객에게 죄송하다는 말 한마디도 없이 사실확인만 했습니다. 환불하고 재결제 진행하는 동안 기분나쁜 기색이 역력했고 고객에게 그걸 티내면 안되잖아요. 음식도 그냥 그랬고 다시 방문하고 싶지는 않은 식당이었습니다.,1
"작년에 맛있었어서 또 왔는데 변함.
고기에서 비린 맛 느껴지고 가성비가 없음.
밑반찬 많은 건 좋음.

",1
사장님 진짜 미치신거에요? 명절이라 미리 예약한건데 당일 새벽취소요? 인성 무슨일이야.. 1점도 아깝네,1
"한줄요약 : 일주일 전 예약했지만 예약 당일 오전 6시에 취소 통보 날리는 기본도 안된 식당

 최소 전날 오후에라도 예약을 취소해주시면 다른 식당이라도 알아보지 당일 오전 새벽 6시에 시원하게 영업안한다고 알려주더군요. 

 상호간의 신뢰를 떠나 기본적인 예의도 없는 곳이라고 생각합니다.

 당일 아침부터 열심히 다른 운영 식당 알아보느라 진땀빼고 추가로 리뷰로 올립니다.

 네이버로 예약 취소 당일 아침에 통보하시고 문자로 30일까지 쉽니다. 한 문장을 보내시더군요. 죄송합니다나 미안합니다 혹은 사정이 있다도 없습니다. 그럼 왜 17일날 30일 예약을 오픈해두셨으며 왜 17일날 30일 예약 확정을 받으셨는지요?

 너무 화가 나서 전화까지 할까했지만 문자로 너무 경우가 없는거 아니냐고 보냈지만 답장도 없으시더군요. 네이버는 실제로 결재를 안하면 리뷰를 남길 수 없으니 여기에 소상히 남길 수 밖에 없죠^^

 사장님 고객들이 예약했다가 갑자기 당일 취소하면 기분 나쁘죠? 그럼 반대편 입장도 생각하셨으면 합니다. 앞으로 최대한 많은 지인에게 가지 않으면 좋은 곳으로 소개하려 합니다.",1
,2
,1
대패삼겹살 진짜오랜만에 먹는데 넘맛있네요 전날 소고기먹었는데 돼지고기가 왜 더 맛있죠ㅜㅜ 제스타일,5
서울역 냉삼 맛집,5
"얼레벌레 고기굽느라 고기사진은 없네요😅
냉삼 맛있고 볶음밥도 밑반찬도 껍데기도
다 맛있었습니다! 
근데 웨이팅 할 만큼은 아닌 것 같아서
예약하거나 한산한 시간에 여유롭게 오는게 좋을 것 같아요 ㅎㅎ",5
,3
"냉삼이 머 원래 그렇듯 맛잇다
안 친절함 손님 넘 많아서 바쁨
저녁에 웨이팅 대박

비빔면 별로
물김치쫄면 맛잇음",4
"2인 예약했더니 그냥 취소해버림 
전화했더니 싹퉁바가지 목소리로 소식 란에 2인은 예약안받는다고 써놨다함. 그거 공지냐? 보는 사람이 어딨냐고 
암튼 극불친절해서 절대 안가기로 마음먹음.
약속 다 잡아놨는데 너님 가게때문에 망쳤으니 책임져 ㅎㅎㅎㅎㅎ 2인 안받을거면 미리 취소하고 예의있게 말해주던가
사장인지 알바인지 장사 좀 된다고 그딴식으로 살지마라",1
냉동삼겹살 회식장소 ,5
"냉동삼겹살로 유명한 곳.
일단 가게 찾는게 어려운 곳으로 인식되어 있습니다ㅎㅎ;;
웨이팅이 어마무시하며,(기본 30분~1시간) 고기냄새가 많이 밸 각오는 하셔야 합니다.
냉동삼겹살 상태는 깨끗하긴하나 가격이 쎄고, 기본 반찬도 뭔가 아쉽습니다.
마무리 냉면과 짜파게티만 맛있게 먹은 기억에 남네요.
냉동삼겹살로 유명하다곤 하지만...냉삼이 거기서 거기인지라...그냥 쏘쏘했습니다.",3
,5
와이프 회사 근처에 있는 중구 냉삼 맛집이라 오게되었는데 미나리도 주고 껍데기도 맛있었네요~~,5
댓글이 광고인지 모르겠는데 친절하대서 갔더니 맛도 없고 알바생 드럽게 싸가지없고 다신 가기 싫은 곳 베스트 1위,1
"냉동삼겹살은 다른 집들과 다르게 불순물이 적게나오고 맛있었어요.. 우삼겹이랑 껍데기도 먹었는데 우삽겹이 넘 맛있었어요.... 껍데기는 챱챱 잘 먹었구요
다음에도 들릴게요",5
가성비 냉삼 좋아요~! 가격도 저렴한 편인데 맛도 있구요 은색 쟁반에 나오는 반찬들도 재밌어요ㅋ 오늘도 여봉이랑 맛있게 먹고 갑니다~^^,4
사장님도 친절하시고 좋네요 물론 음식 맛도 좋구요 다음엔 친구들고 여럿이 먹으러 가야겠어요 가성비도 좋고^^,5
"신랑이 냉동삼겹살이 먹고 싶다고해서 찿게되었어요
오래간만에 오게 되었는데 여전히 맛있네요
함께 먹은 우삼겹도 정말 맛있었습니다
언제나 친절하고 가성비 좋은 곳이에요",5
"돼지고기는 국민회관 정도 돼줘야 맛집이지..
냉동삼겹살이 지방 비율이 최적 
입에 살살 녹는 그맛  
환상적입니다
기족과 친구과 깉이 오세요",5
"냉동 삼겹살 먹고싶어서 방문한집인데
기대 이상으로 너무 맛있더라구요
회식장소로도 안성맞춤이고 
덤으로 돼지껍데기까지....
그냥 지존 그자체입니다
냉동삼겹살 특유의 맛을 원하는데
거기가 이집인거같네요
잘먹고갑니다~",5
친구랑 간만에 한잔하기우해 냉삼맛집 국민회관왔는데 여전히. 고기는맛있구 반찬도 변함없맛있네요 한잔하실분들은 주저없이 방문하세요~~~♡♡,5
예전의 먹었던 냉동삼겹살이 너무 먹고 싶어서 친구들과 방문했네요 역시나 냉동삼겹살은 진리이고 추억이네요ㅎㅎ 맛있게 잘 먹었습니다~~~~~,4
"분위기환상입니다 먹으면서대화하기가좋아요
맛은얼마나좋은지 대낄입니다 입에쫘쫙붙는듯한 그런맛을주네요 찾아보기힘들정도로 맛난집이네요 적극추천합니다 굿입니다 한번들러들보세요굿",5
"고기가먹고싶어 방문해보니 
질 가격 모두 좋았습니다
숨겨진 맛집입니다
사장님도 친절하시고
밑반찬도 다 맛있었습니다 
다음에 재방문 100% 입니다",5
"추억의 냉동삼겹샬을 즐길 수 있는곳입니다.
사장님도 파이팅넘치시고 냉동삼겹살 너무 맛있게 즐겼어요.
돼지껍데기도 맛있게 즐겼답니다^-^
또 방문할게용",5
품질 좋은 고기만 들이시는지 잡내하나 없이 깔끔하고 고소해서 좋았음. 기본찬도 정갈하게 나오고 하나같이 고기랑 잘어울렸음. 무엇보다 가성비 굿굿b,5
"여긴 고기의 질이 좋아서 그런지
냉삼 특유의 잡내도 없었고 
구울때도 매우 깔끔했어여!
근데 쪼금 냉삼치고는 살짜꿍 비싼 느낌은 있었지만 
너무 맛있어서 가격이 중요한게 아니더라구욯ㅎㅎ
담에 또 와야겠네요 굿!",5
냉삼이 비교적 생삼겹에 비해 품질이 안좋다고해서 자주 안먹었는데 여기는 고기 육질도 좋고 너무 맜있네요 같이 찬으로 나오는 찬들도 진짜 맛있어요 ㅎㅎ 술한잔 거하게 걸치고 갑니다 ㅎㅎ 다음에 또 올게요 ㅎㅎ,5
주변에서 냉삼 맛집이라고 많이 얘기해서 근처왔다가 먹으러왔어요 간만에 냉삼이라 그런지 더맛있구 고기도 넘좋은거 같더라구요 가격도 괜찮구 다른 메뉴도 많아서 또 와야겠어요,5
"냉동삼겹살 돼지껍데기구이 먹은 적 있는데 진짜 사장님도 엄청 친절 하셨구요! 가게 내부도 무지 깨끗하고 쾌적하고 가족 모임하기 딱 좋은 식당 인 거 같아요 ㅎㅎㅎ :)
아직 가족들이랑 안 와봤는데 회식장소로도 딱일 거 같습니다! 맛도 엄청 기가 막히고 반찬도 맛있어서 밥은 그냥 순식간에 밥도둑입니다!!!",5
"저는 최근에 국민회관 삼겹살집에 방문해서 삼겹살을 먹었는데요. 가게 분위기는 모던하면서도 고급스러운 느낌으로 꾸며져 있어서, 특별한 느낌을 느낄 수 있었습니다. 직원분들도 친절하게 맞아주셨고, 음식에 대한 설명도 자세히 해주셨습니다. 제가 시킨 음식은 삼겹살과 목살, 그리고 김치찌개였습니다. 모두 신선하게 준비되어 있어서 맛있게 먹었습니다. 특히, 삼겹살과 목살은 고기의 식감과 맛이 일품이었고, 김치찌개는 깊은 맛과 풍부한 양념맛이 일품이었습니다. 가격대는 음식의 양과 맛, 분위기 등을 고려하면 적당한 가격대라고 생각합니다. 특히, 삼겹살과 목살의 양이 풍부하고 맛도 좋은 편이라서 가격에 비해 좋은 가치를 느낄 수 있었습니다. 전반적으로, 국민회관 삼겹살집에서는 고급스러운 분위기 속에서 맛있는 삼겹살을 즐길 수 있습니다. 다음에도 기회가 된다면 꼭 다시 방문하고 싶어요!",5
"아진짜 분위기 찐!ㅋㅋㅋ너무좋아요ㅋㅋ
친구들이랑 모여서가거나 남친이랑 가거나ㅋㅋ냉삼이 맛있어서 재밋는 분위기에서 기분좋게 먹을수있어서 좋아요ㅋㅋ",5
소문대로 역시 맛있는 고깃집 이었습니다.  직원분들이 또 너무 다 친절하세요. 기분 좋게 먹고갑니다.  고기 생각날 때 또 들를게요. ^^ 다음에는 직원들과 같이와야겠어요. 반찬도 하나 버릴거없이  다 맛있었어요,5
냉동삼겹살 구워서 한쌈 싸서 먹으면 너무 고서하고 맛있습니다. 특히 가성비가 좋아서 자주 먹어도 부담없고 혼밥 하기도 좋은 것 같아요. 사이드 반찬류도 맛있으니 많이들 드시러 가세요,5
아르바이트 직원들이 굉장히 친절합니다. 기대를 안했지만 기대이상으로 친절함. 삼겹살도좋고 의외로 쌈장이 맛있음. 기성품인데 뭔가다릅니다.,5
"역시 소문대로 친절하시고 맛이 좋아요.
솔직히 냉삼겹이라 기대 안하고 갔는데 의외로 맛있고 반찬도 잘 나오고  기대 이상이었습니다.
직원분들도 너무 친절하시고 다시 또 오고 싶어지는곳이네요!",5
밑  반찬도 너무 맛있었습니다  돼지고기에  후추를 뿌려서 구워 먹는게  너무좋고 냉동 삼겹살이 이렇게  맛있는지  몰랐어요 옛날 느낌도  좋구요 잘먹었어요,5
가족끼리 우연히 발견해서 냉동삼겹살을 주문해서 먹었는데 돼지냄새 전혀없고 기름기가 좔좔 흐르는게 살살 녹네요.. 우연히 맛집을 찾은것 같습니다 자주 올게요~~,5
"개인적으로 추억의 냉동삼겹살을 좋아해서 알게된 
냉동삼겹살 맛집입니다. 고기가 너무 얇으면 풍미가
떨어지는데 국민회관 냉동삼겹살은 고기 두께도 적당해서 너무 맛있게 먹고왔습니다. 직원분도 친절하셔서 너무 좋았습니다.",5
"저렴하게 고기를 먹고싶다면 추천하는 곳입니다!
냉동삽겹살임에도 불구하고 관리를 잘했는지 굉장히 맛있습니다 많은 인원으로 고기를 먹고자하는데 가성비로 좋은곳을 추천한다면 여기가 되겠네요~
",5
"여기 정말 냉삼 맛집이네요! 고기육즙이 짱짱하고, 정말 맛있어요. 특히 구수한 된장찌개가 별미네요.ㅎㅎ 마지막에 밥 볶아먹는 것도 좋구요. 사장님, 또 들릴게요. 번창하셔요.",5
급랭삼겹살 진짜진짜 애정하는데 여기 고기 완전 제스탈이에요~  고기도 맛있고 사이드도 맛있구요 고기먹구 고기조금씩 잘라서 넣어 만드는 볶음밥도 예술이에요 진짜 배부르게 맛있게  먹구 왔네요~^^ 직원분들도 친절하셔서 감사했습니다 여긴 진짜 추천이에요!!,5
냉장 삼겹살 물론 맛있지만 냉동 삼겹살 특유의 바삭함 소리 그래서 전 냉동이 더 좋은데 잘 못 가면 냄새나는 집도 있지만 여긴 그런건 없었네요 냉삼겹 추천합니다 잘 먹었어요,5
"국민회관 삼겹살 먹으러 왔는데, 냉동삼겹살인데 왜 이렇게 맛있나요. 육즙 팡팡 터지고 파조리개에 싸 먹으니 맛있네요. 돼지껍데기도 쫄깃하고 잡 냄새 없고 식감이 너무 좋아요.",5
"냉동삼겹살이 맛있다고해서
그래도 냉동인데 혹시나했는데 띠용 맛있어요
고기도 연하고 고소한맛도 좋아서 정신없이 흡입했네요 자꾸자꾸 생각나는 맛이에요  또 올것같아요",5
냉동삼겹살 맛집 찾아다니는 사람입니다 진짜진짜 맛있어요 고기 퀄리티가 좋아서 먹자마자 육즙터지고 꼬소한 맛에 너무 좋았네요 파절이도 맛있고 밑반찬이 잘 어울렸어요 그리고 가게 분위기도 술먹기좋은 분위기에요 진짜 잘 먹구 왔습니다,5
빨간 불빛이 나를 감싸며 찾은 국민회관^^ 동네 정다운 고깃집이 편안함을 느끼며 추억의 냉삼을 흡입!! 철쟁반 너무 반갑고 정겨웠어요 냉삼인데 고기질이 너무 좋아서 놀람..  아.. 이래서 여기가 핫하구나라고 느낌^^,5
냉동삼겹살이 퀄리티가 좋네요 가게 분위기도 좋고 퇴근후 소주한잔 하기도 좋고 회식장소로 괜찼을거 같네요 잘먹었네요,5
집처럼  친근한 분위기의 식당으로  삼겹살먹기에 딱  좋아요  고기도 맛있고  술한잔으로  친구와  함께하기에  좋네요,5
"냉삼이 먹고싶어서 친구들이랑 갔었는데요
드디어 냉삼맛집을 찾았습니다!
고기잡내도 없고 직원분들도 친절했어요",5
"삼겹살은 무척이나 좋아해서 외식이나 모임장소로 고깃집을 자주 선택하는 편입니다.
이곳고기는 마치 뭔가 숙성되어있어 육즙이 살아있고 곁들여지는 밑반찬도 깔끔하고 맛깔스러워서 먹고난후 입맛이 개운해지는것 같고 단백질보충을 해줘 몸보신한 느낌입니다.
모임이나 외식시 좋은장소입니다 추천드려요",5
친절하시구요. 가게 분위기도 좋쿠요. 고기가 부드럽고 진짜 맛있어요. 술이 술술 넘어가는 맛입니다. 반찬들도 제 입맛에 딱이구요.  볶음밥은 예술에요. 또 가고싶어요. 곧 다시 찾아갈게요.감사합니다,5
좋아하는 냉삼집이에요. 파절이랑 무생채가 맛있고 소세지부침 주는것도 좋아요. 항상 사람이 많고 맛있어요 또 가고 싶네요.,5
"평소에도 냉삼을 좋아했는데 여기는... 분위기도

그렇고 식기류, 물통까지! 무엇하나 빠지지 않고

두루 만족스러웠습니다. ㅎㅎ

오랜만에 걷는 이 길입니다.

이곳 라인은 야외에서 음식을 드시는 분들이 많은데요.

조금만 더 지나치면 국민회관 입구입니다!

서울역 바로 맞은 편에 위치하고 있어서

대중교통을 이용해서 오면 더욱 편하게 오실 수 있습니다!

위치는 여기입니다!

평일에는 오후4시부터 11시까지,

토요일에는 12시부터 23시까지,

일요일에는 12시부터 22시까지 운영합니다.
잘먹고갑니다",5
냉동삼겹살인데도 잡내없고 부드러워요 같이 나오는 참나물도 맛있고 된장찌개에 김지볶음밥까지 알차게 먹었더니 엄청 배불러요,5
"고기는 냉동삼겹살 전문정에서   드셔야
추억의 냉삼   고기도 맛나고.  잍반찬도 맛있어요",5
"친구들과 여행갔다가 맛집 검색해서 한잔 할겸 방문했었는데 고기가 정말 싱싱하고 맛있었어요
맛있어서 배가 불러도 너무 많이 먹었네요 좋았습니다",5
"친구만나서 편안하게 멉으려고 들렀어요.
집에서 먹는것처럼 맘편하게 잘 먹었습니다.
오랬만에 만난 친구도 그렇고 가게도 정겨운 분위기라서 음식 맛도 더 좋았던 것 같아요.",5
저녁식사로 냉동삼겹에 소맥한잔을 위한 장소로 국민회관을 방문했는데 냉동삼겹이지만 너무 맛있게 먹었어요.기본 반찬들도 깔끔하고 푸짐하고 한정식 부럽지 않은 곳입니다. 삼겹과 곁들인 짜파게티또한 맛이 일품이랍니다. 가성비 최고 맛 또한 최고 또 방문하고싶네요.잘 먹었습니다,5
"술 한잔 하기 좋은 곳 추천하라면 여깁니다.
냉동삼겹살 뿐아니고 특이한건 돈차돌이 있어요. 처음 젖해봤는데 돈차돌이 이렇게 부드럽고 고소하다는걸 처음 알았네요. 처음 먹어보기도 했지만 너무 맛있었어요. 우차돌못지 않게 맛있어요. 강추 입니다.",5
오늘 저녁으로 냉동삼겹살을 먹었는데 냉동 삼겹살은 잘못 하면 누린내가 날 수 있는데 여기는 그런거 하나도 없이 완전 맛있게 잘 먹고 왔네요 먹다가 너무 맛있어서 술 한잔도 쬐금 했습니다ㅎㅎ 다음에 또 방문 할게요~,5
친구들과 오래간 만에 소주한잔 생각나 찾은 장소인데 냉삼이 정말 맛있네요. 고기가 맛있어서 그런가 술이 절로 넘어 갑니다.,5
삼겹살이 육질이 좋고 맛있네요ㅎㅎ가격도 합리적이고 서비스도 매우친절해서 또 방문하고 싶어요~직원분들도 친절해요ㅎㅎ,5
"고기가 맛있다는 얘길 듣고 친구랑 방문했는데
정말 맛있었어요.직원분들도 친절하고 음식도
깔끔했어요.다음에도 방문할게요^^",5
광고 사절,1
고기를 굉장히 좋아하는편인데 고기가 질기지도 않고 딱 먹기에 좋은 그런 식감이 들었어요 분위기도 너무 좋았고 사장님이나 직원분들도 친절해서 좋았던 것 같았어요,5
집밥 생각나는 플레이팅과 가게 분위기가 정겹습니다 음식맛은 일품이구요 ㅠㅠ 밑반찬들이 진짜 맛있었어요 집만 가까우면 매일가서 먹고싶지만 멀어도 찾아갈 가치가 있는 식당이에요 사장님도 정말 친절하세요,5
레트로 감성 물씬~~나는 돼지고기 맛집~~^^친구랑 맛있는 고기맛에 한잔~가게 분위기에 한잔~~정말좋은 술자리를 가졌네요~고기도 엄청맛있고 무엇보다 분위기 너무 좋아요~~강추~,5
친구모임으로찾은국민회과에서 삼겹살파티를했어요.가격도좋고맛도좋아 다들배불리먹고수다도떨면서 행복한시간을보내고왔어요.다음모임장소도이곳으로하자는데다들이견이없었고 다른분들에게 추천도했어요,5
우연히 가본 식당이었는데 맛있었어요 사장님도 친절하시고 앞으로도 번창하세요.,5
레트로분위기 밋집이네요 냉동삽겹살 우삽겹구이 진짜 맛있게 먹었네요 밑반찬들도 맛있고  친구들하고 모임하기 진짜 딱좋은 장소인거같아요,5
"만리동 맛집골목에 위치한 런닝맨에 나온 레트로 냉삼맛집 
빈티지 인테리어에 냉삼 넘 맛있어요 회식장소로 추천합니다",5
분위기 너무 좋네요 ^^ 레트로 감성에 맛도 좋아서 재방문의사 있습니다 ㅎㅎ,5
"냉삼겹살에 파무침이 잘 어울려요.
레트로분위기도 좋네요.",5
레트로 분위기 추억에 잠기고 냉삼이 너무 맛있어 더 기억에 남을 것 같아요. 반찬도 맛있고 냉삼기름에 구운 참나물과 함께 먹는게 독특해요. 직원분이 친절해서 더 기분 좋게 먹고 나왔어요.,5
,1
냉삼 15000원 가격도 비싸고..옛날분위기 좋아하는 분들은 좋아할순 있으나 나는 별로 였음. ,1
알바생들 담배피고 가래침뱉는소리 비위상함,1
"냉삼 160g=14000원

소주 5000원, 맥주 6000원, 은박지 사용",1
"야들하게구워먹는게 정말맛나요!!!
냉삼맛집인정~^^",5
손님 나간지 30분째 상안치워서 빡쳐서 웨이팅하다 나옴 알바들 하는거 가만보니 심히 문제있음,1
너무 맛있게 먹고 갑니다,5
"분위기 너무 좋고 가성비도 좋아요!
대기가 너무 많아서 좀 오래 기다렸어요 담엔 예약하구 올께요.",5
"단체 손님 술 병 카운트로 장난질 침
절대 가지 마셈
CCTV 돌려보자고 실랑이 벌이다가 옴",1
갬성 좋아요,3
"너무 불친절하고 깐깐하고 냉동고기 질도 너무 안좋습니다.
",1
"음식맛을 느낄수 없을 정도로 더웠어요..
알바생들 땀 방울이 맺칠 정도로 더워서 정말 짜증났어요. 이곳은 겨울만 이용하라는 컨셉인것 같아요..",2
,4
레트로 감성빼면 돈값 못함. 새마을식당을 가고 말지.,1
,3
"호일에다가 굽는 거 때문에 2점 감점

냉동삼겹이 베스트 메뉴

호일만 어떻게 해주면 좋겠습니다.",2
,5
"흠 
노포중에서도 위생이...
꼬치를 못먹어봤는데 닭도리는 진짜 평범",1
,5
,5
,5
내가 알던 그 옛맛이 아닌데 ,2
,5
"닭꼬치를 못먹어서 그럴진 몰라도 닭도리탕은 엄청 별로.. 이거 왜 먹지..?
처음에는 완전 밍밍하고 맛없는데 인내심을 가지고 오래오래 끓이면 먹을만은 합니다
근데 그래도 맛없어요 싸서 그런가 왜케 사람많아",1
,5
"닭 좋아하는 사람한테는 최고의 장소
닭꼬치 최대치로 시키세요!!",5
무난한 닭꼬치+닭볶음탕 집이에요. 가성비 괜찮아요!볶음밥도 맛있었어요,4
 명성에 비해 특별하진 않고 평범합니다요,3
,4
,3
"일단 대기가 많이 긴 게 좀 흠이지만, 대기할 의향이 있다면 꽤나 괜찮은 선택의 식당입니다.
닭꼬치의 살이 부드럽게 씹히는 게 일품이며,
저렴한 가격으로 괜찮은 맛의 닭볶음탕도 맛 볼 수 있습니다(닭볶음탕은 처음엔 엄청 맛있다는 생각까진 들지 않았지만, 먹다 보면 뭔가 나름의 중독성이 강함).

(+ 떡 사리 추가 강력 추천)",4
닭꼬치가 너무 맛있음,4
위생이 진짜 별로고 불친절.. ,2
"웨이팅은길어도 여전히맛있네요 닭볶음탕 맛집🫶
닭꼬치는 늦게가서못먹었어요 ",5
맛이 없음..,1
"12년도부터 간 단골맛집
노포라서 좀 디자인 오래된 거 힘든 사람은 가기 힘들 수도.. 인당 2꼬치고 닭도리탕 시켜야 할 수 있음
솔직히 막 엄청 맛집은 아닐 수도 있는데 가끔 생각남.. 닭도리탕에 개인적으로 떡사리 추가하는 거 추천함",5
"17년부터 다녔음
맛은 좋으나 가게가 좁아서 미어터짐.
확장을 좀 하던가 해야할듯...
가게가 좁아서 웨이팅 심한듯하고.
닭꼬치는 겁나 일찍 가지 않는 이상 품절임",3
"무난한 가성비 노포.
맛을 생각하면,
굳이 웨이팅해서 방문할 필요 ㄴㄴ.",3
조퇴하고 가봤습니다. 다행이 안 기다리고 자리잡았습니다.국물닭도리탕의 국물은 어른입맛이라 달지 않고 맛있었어요. 소주 안주로 너무 좋았습니다. ,4
"먹고 배탈남 그이후로 남편이 친구들 데리고 갔는데 다같이 배탈남&hellip;. (닭꼬치, 닭볶음탕 )",1
"뭔가 닭도리탕은 떡볶이 양념 맛이 났고 
꼬치는 단맛이 있음 ㅎㅎㅎㅎㅎㅎㅎ 
꼬치는 진짜 나가기전쯤 엄청 늦게나옴 ㅠㅠ 
그냥 한번 먹어봣다로 만족",3
"그정도인가?
나쁘지 않다 정도",3
,3
닭꼬치는 익지도 않은거 주시고 별로였어요. ,3
"아 볶음밥에 흑미는 선 넘었지.



별점 기준
★☆☆☆☆ : 원수에게 추천할 집
★★☆☆☆ : 남이 사주면 가는 집
★★★☆☆ : 재방문 의사 있는 집
★★★★☆ : 가끔 생각나는 집
★★★★★ : 인생 맛집",3
사장님 친절하시고 닭볶음탕도 맛나개 먹었어요. 꼬치 금방 품절되니 서두르세요,5
"50분 웨이팅 후 들어갔습니다ㅠㅡㅠ
장점은 가성비 맛집!
단점은 닭꼬치 보고 왔는데 웨이팅하다가 다 소진될 수 있습니다 ㅠㅠ
한명당 하나도 아쉽...(그만큼 맛은 있음)",4
웨이팅을 조금 했지만 해서 먹을 정도로 닭꼬치와 닭볶음탕이 맛있습니다 평소에 먹는 닭꼬치가 아니라 뼈와 같이 있는 닭꼬치인데 최고입니다 주인분들도 너무 친절하게 해주셔서 감사했습니다!,5
,2
,5
사람이 왜 많아요??? ,1
노포 닭볶음탕 맛집,4
수분감 가득하면서 숯불향 은은한 닭꼬치에 기름기 있는 묵직한 닭도리탕,4
웨이팅할정도는 전혀 아니고 무난합니다,3
웨이팅 할 집은 아닌 것 같음 ...,2
"닭꼬치 유명하지만 사실상 없어서 닭볶음탕 먹으러 가는 곳, 가성비 너무 좋고 라면은 필수 노포 갬성 끝내줍니다. 나름 아주머님도 유쾌하고 재밌는 곳",4
,3
"노포가게의 zㅣ존느낌..
닭볶음탕 맛있었구 특히 꼬치!!!!가 아주 맛있었어요
저녁에 가면 꼬치 수량 때문에 주문수 제한 있는데 무조건 1인1꼬치 추천드립니다..
소주 쫙쫙 들어가서.. 담에 또 가고싶어요 ㅎㅎㅎ
다만 위생은 포기하는 게 맘 편함^^",3
"코로나식국에    걸리기 딱임.

사장 돈많 생각만  하지마시구  
단골 건강좀   생각해주시지

자리 배치 따닥  따닥
시국이 시국인만큼    방역 규칙 따라야하는데
국민건강 전혀 생각안함  헐


닭도리탕 평범  오래된것이 매리트라  생각.
달꼬치만 안판다ㆍ포장도안됨 ㅜㅜ
뭐이래~
이시국  젊은사람들많아
절대 코로나 걸리기 쉽상.

기본 자리 빽빽함

위생은 아예생각안하고 돈만ㅜㅜ
가격계산 잘하셔요
그냥 소주오천원 날라갑니다
 유명해요
계산 엉터리로",1
"음&hellip;돈 주고 사먹는 것도 신기한데 웨이팅해서 먹는 건 이해가 안 되네요
엽기 닭볶음탕보다 못한 맛이라 솔직히 실망했어요 같이 기다린 친구에게 미안했습니다.
수저에는 고춧가루가 붙어있네요 ㅠ",1
,5
1시 40분에 갔는데 브레이크 타임 이라는 거짓말 를 하네요.,1
완전 맛있음 으앙,5
한시간 기다린 보람이 있는 맛,5
저녁후기만있는건 다이유가있음.. 오징어 별로.. 힌 😭 ,2
,5
"닭볶음탕 

닭볶음탕의 국물 떠 먹는 맛으로 감. 
밑반찬도 맛있음
웨이팅만 없으면 또 갈 의향 있음",4
,4
너무 맛있엉ㅅ&hellip; 최고,5
웨이팅이 좀 있지만 그래도 한번쯤 가서 먹기엔 넘 좋음ㅎㅎ,5
"닭도리탕도 맛있지먼 만 닭꼬치 먹으러
또 오고 싶네요&hellip; 생각나고 같이 데려간 친구도
엄청 좋아했어요 !!",5
"3.5 정도의 집 
닭도리탕 맛은 있는데 조금 자극적이고 떡과 국물이 맛나긴한데 은근 밥이랑 먹을 게 많지는 않은 느낌 
",4
"저녁에 닭꼬치 맛있는 집
닭도리탕도 같이 시켜서 술 땡겨주면 굿",5
"양이 너무 적어지고 맛도 바뀜
 불친절(직원), 예전 호수집이랑 달라졌네요",2
"유명한 닭꼬치보다 오히려 닭도리탕이 나았는데, 그 닭도리탕도 엄청 맛있단 느낌은 없었어요.",3
"술맛나는곳 2차갈곳이 애매함
2차로가기엔 웨이팅있음",4
닭꼬치 닭볶음탕 모두 맛있음,5
,4
,5
닭꼬치 닭도리탕 조쿠요,4
,4
닭꼬치가 미침,5
,3
,5
"닭꼬치가 보들보들 미쳤어요~
파김치도 미쳤어요~
닭도리탕은 그냥 쏘쏘
",4
"닭꼬치는 항상 못먹지만 닭볶음탕의 특유의 걸쭉한 느낌이 좋습니다. 
100일된 커플이나 회식장소로도 너무 좋은 감성",4
,4
,5
점심때 방문해서 닭꼬치는 안먹어봤어요. 개인 취향으로 닭도리탕보다 오징어볶음/오삼불고기가 더 맛있어요! 달착지근한 맛이고 밑반찬 맛있어요,4
줄이 길지만 맛있게 잘 먹었습니다.,4
한시간이상 기다려서 먹을곳 아닙니다. 맛 기대하지마세요. 회전율엄청느림;; 우리엄마 닭도리탕이 더맛있당,2
"평일5시30분도착해서 7시에들어감
닭꼬치특이하긴했으나 존맛아님 소소하고 가성비만좋음
닭볶음탕 고추장국베이스 닭볶음탕
이것도 소소함
파김치맛집인데파김치도반찬가게에서의맛
이정도 기다릴이유가없을듯
너무테이블회전이안됨",2
여기 왜 줄???,1
"꾹꾹 눌러담은 밥, 정성담긴 밑반찬,,
재방문 의사 10000%
왜 지방에는 이런 선술집 st의 가게가 없는가
각성하라 각성하라",5
"맛집으로 소문나서 왔는데 20분 정도 대기하고 
들어갔어요 닭꼬치 맛있었어요 추천이요~",5
웨이팅 할 이유가 있는지 모르겠는 집. 기대를 너무 하고 갔나 나쁘지 않았다 정도임. 꼬치도 뭐.. 데려간 사람한테 미안해서 호들갑은 떨어줬는데 그냥 저는 다시는 안가는 집이 되었습니다. ,1
존 맛 캥..!!!! 지굼 7시30분인데 꼬지 수량 마감될 수 있데요 꼬지를 꼭 드셔야하니 그 전에 미리 오셔서 웨이팅하세요:),5
웨이팅이 조금 있을 뿐 꼬치닭볶 맛있음~~,4
"맛있고 좋아요
다만 아줌마가 소주한병 더찍고 왜 더찍었냐고 하니깐 4000원 빼주시네요?소주값은 5000원인데 또다시 따져물으니 천원 현금으로 주시네요 이거 사기아닌가요.?",1
,4
서울역 근처에서 일할 때 자주 가던 집. 강남쪽으로 회사를 옮긴 후에도 한번씩 생각났는데 최근 서울역 쪽에 볼일보러 왔다가 재방문. 추억의 그 맛 그대로라 반가웠음.,5
,4
,5
"나만알고싶은장소임ㅋ
맛나요",5
"가게가 엄청 바쁩니다 
회전율 떨어진다 한소리 듣지 않으려면
가게를 위해 미리 정하시는것 추천합니다

닭꼬치는 인당 2개 제한입니다
꼬치만 주문할 수 없습니다
닭꼬치에 뼈가 있으니 참고해주세요
10개 중 1개 빨간 살 나왔었는데
후기보니 저희만 그런게 아니었네요

닭볶음탕 4인기준 대자 이상으로 주문해야합니다 
파김치는 맛있습니다

가게가 좁아서 대화하면 잘 안들립니다
",2
"줄서서까지는 아니고 메뉴수준에 비해서는 과한유명세 같아요.
닭꼬치만은 못먹구 메인메뉴를 시켜야 닭꼬치 주문가능해요.
그렇게 시킨 닭꼬치 바쁘셨는지 덜 익기까지
오삼불고기 양념은 매콤달콤의 땡기는 맛이 아닌 매콤에만 가까운 그냥 동네 수준정도네요
식기 청결도는 뭐 하급수준이네요
그릇, 컵에 고추가루 말라 뭍어있고, 수저세트는 물때자국이 자욱하네요
주차도 안되고 줄도 서야하고 굳이 다신 가지는 않을거 같네요.",2
"최자 명성을 깨버린 집
닭꼬치는 그럭저럭 맛있어요",3
찐 맛집. 닭꼬치 자꾸 품절돼사 못먹고있음,5
,5
,3
꼬치는 짜고 닭도리탕은 감칠맛없이 짜고 텁텁하고&hellip; 집 근처 사는 사람으로써 근처 지날 때마가 줄 서있는 사람이 불쌍할 정도,1
역시 기대가 크면 실망도 큰 법..... 닭도리탕에 든 떡은 맛있다.. 닭도 야들야들하다 근데 양념은 잘 모르겠다.,3
,4
30년 전통의 닭꼬치 원조인데 닭도리탕도 수준급의 맛을 자랑한다.,4
10년 단골입니다.. ㅠㅠ 소수만 아는 맛집일때도 대기 길었는데.. 최자로드 나빠요.. 갈수없는곳이 되어버림요 ㅠㅠ,5
"유명세 대비
5년전 대비
더욱더 실망

예전에도 닭도리 맛없어서 다른걸 시켜먹었거늘.. 닭꼬치마저 이렇게 구울거면 연탄불 말고 가스불로 굽는게 날듯.. 
연탄불의 은은한 불조절은 커녕 겨우 익을듯말듯&hellip;

줄서지 마세요..",1
"#먹복이의나들이
#먹복이_서울
.
#먹복이 #나들이 #룰루랄라
.
#연탄불 #닭꼬치 #간판.만 봐도 찐맛집
#닭도리탕.에 #닭꼬치
.
#서울 #중림동 #호수집 #호수집원조닭꼬치
.
#서울맛집 #중림동맛집
.
#먹스타그램 #먹방 #먹팔",5
"점심에 가서 닭꼬치는 못먹고
닭볶음탕과 오징어볶음만 먹고왔지만
맛있게 잘먹고 왔네요~~
웨이팅까지는 아니지만 근처라면 
즐겨갈만한 집입니다^^",5
닭도리는 명성에 비하면 평범한 맛입니다. 꼬치가 훨씬 맛있고요. 30분 이상 기다려야 한다면 글쎄요....,3
,5
"닭볶음탕 소자 먹었는데, 둘이서 양 안부족하고 넉넉하게 맛있게 먹었습니다~~ 할머니집 온 기분,, 볶음밥도 맛있어요. 
흑미밥, 파김치, 보리차 _ 체고,,,",5
,5
,5
"꼬치 맛있대서 1시간 웨이팅하고 먹었는데... 
닭도리탕은 짜기만 하고, 정작 꼬치도 그닥 맛있지 않음.
꼬치가 2000원이라 가격은 싼데 기다릴 정도로 맛있지는 않음. 엄청 기름지고 느끼함.",2
,1
,5
살짝 불친절하지만 맛있어요! 꼬치가 특히,4
,5
맛있습니다. 8시 이후에 가면 닭꼬치는 마감 됐을수도 았습니다,5
닭볶음탕 볶음밥 맛있게 먹었습니다 ^^,4
"뭐가 닭볶음탕이 특별하게 맛있는건 아니고 그냥 평범한 맛입니다.
여기는 파김치가 맛있네요~
반찬 보시고 먼저 채워주시네요. 많이 바쁘신데요.
닭꼬치는 집적 고기를 손질해서 쓰시는것 같아요.
공기밥은 흑미밥 입니다.
6시 맞춰 갔더니 기다려서 7시 입장...
5시부터 가야 편히 먹을것 같아요.",4
자극적이지 않고 고춧가루의 칼칼한 맛이 일품,5
맛있고 매번 땡기는 건 아니지만 한번쯤 생각나는 맛. 소맥 잘 들어가는 안주들 집합소,4
맛있어요,5
닭볶음탕 닭꼬치 다 맛있어요,5
,4
,5
맛나게먹었어요!!! 국물 짱.... 담엔 술먹고2차로와여겟어여,4
술없이 먹은 내가 멍텅구리지,5
"을큰한 매운탕에 가까운 닭볶음탕
지리는 닭꼬치ㅠㅠ ",5
아니 개인당 닭꼬치 두개라면서 6시 20분에들어가도 다팔렸다고 인원대로 안주면 5시부터 줄서있어야 먹을 수 있는건가? 대기한 손님들 생각 전혀 안해주는 것 같아서 다시 갈일 없을 듯,2
"닭고기가 야들야들. 술이 잘 들어가네요.
일찍 끝나서 좀 아쉽..",4
닭꼬치 존맛,4
계산할때 잘 확인하시고 계산하세요,1
"1. 소문대로 닭꼬치는 아주아주 맛있습니다. 평일 7시 기준 6개 주문하였지만 역시나 동이나사 3개밖에 먹지 못하였습니다. 아주 일찍가야 닭꼬치 주문가능...(Max 2개/인)
2. 코로나로 웨이팅이 없을거라 예상했지만 월요일 6:40도착 20분 정도 웨이팅 했습니다.
3. 닭볶음탕은 은근 맵습니다만 아주 특별한 맛은 아닌걸로.... 
4. 소문데로 아주아주 시끄러워요... 왜일까요... 

순전히 고작 한 개 먹은 닭꼬치 점수 .... 닭꼬치만 판다면 재방문의사 있으나.... 나머지는 글쎄요...",4
"닭볶음탕도 쏘쏘하지만
#닭꼬치 가 메인입니다
인당 2개정도로 정해진 수량이 아쉽습니다
웨이팅이 있습니다
도착해서 꼭 리스트 작성하세요! ",5
"간판 바꼈더라구요 ㅋㅋ
위생은 모르겠지만 맛있어요
닭볶음탕은 보통, 파김치랑 닭꼬치 맛있어요
30분정도 기다리라고하면 기다리겠어요
갈때마다 1시간씩 기다림 ㅜㅠ",5
이곳의 닭꼬치를 먹지 않고 닭꼬치를 먹어보았다 하지말라,5
"밑반찬 중에 파김치였나 정말 맛있구요
 꼬치 최고입니당",4
서울역 근처 친구네 부부있어서 많이 안기다리고 먹었는데 인생 닭꼬치였어요~ 닭볶음탕도 맛있지만 닭꼬치가 진짜에요! 길거리 파는 닭꼬치아니고 뼈가있는건데 진짜 너무 맛있어요.. 인당 두개씩 제한있는게 아쉬울정도로.. 또먹고싶네요ㅜ,5
,3
닭꼬치매진이라 닭볶음탕만 먹었는데 닭살이 엄청 야들야들하고 간도 매콤한게 입에 딱 맞았어요 다음엔 꼬치먹으러 갈께요,5
아주머님들이 싹싹하진 않으시지만 닭볶음탕이 딱 제입맛이라 또 가고 싶네요,4
닭꼬치 맛남 닭도리탕도 깻잎 들어가서 칼칼하고 괜찮지만 닭꼬치의 임팩트가 더 세다,4
,5
아주머니들 장사하시고싶은거 맞는지 의심됨,1
닭볶음탕은 물많은 스타일로 정말 흔해빠진 맛입니다. 닭꼬치가 더유명한데 메인을 꼭시켜야하구요. 맛있긴하지만 닭꼬치전문점이 더 낫습니다. 굳이 줄 설 필요가 없는집이예요. 근데 겨울빼고 사람 줄안설때를 본적이 없어서 정말 미스터리한 집이예요. 하늘이 내린 사업운인가.. (닭꼬치 드시려면 명동 길거리 박효신닭꼬치 추천해요),2
가게가 작아서 여섯이상 같이가면 약간 조금 불편함 닭볶음탕 먹을만한데 집에서 만드는게 더 맛남 볶음밥은 맛있음 사장님 친절함,4
"닭도리탕은 특별한 맛은 아니였고 닭꼬치가 엄청 부드러웠음. 뼈있으니 조심
평일에 브레이크 타임 맞춰가야 웨이팅 안하고 먹을 수 있다. 안그럼 한시간 기다려야된다.
",3
"주문메뉴: 오삼 : 조미료 맛없는 담백한 맛. 야채(깻잎)가 부족한 게 좀 아쉬움
                 닭꼬치 : 보통...양념소스 내 취향 아님(,카레향 조금 나는 것 같기도,)...난 보통",3
,5
가성비 훌륭해요. 꼬치는 호불호가 있어요,4
,3
여기 주메뉴가 뭔지 아세요? 닭꼬치? 닭도리탕? 아님요. 깍두기임!!!  jmt 그리고 평일에도 웨이팅 있는데 5시에 오거나 9시에 와서 먹으세요. 아님 1시간 웨이팅은 기본으로 까고 가야함,5
,4
닭꼬치,5
"닭꼬치 하는 날이 아니라 닭볶음탕만.
국물이 짜고 걸죽. 내 스퇄이 아님.",3
"가야는 이유 : 닭꼬치도 정성으로 구우면 요리가 되는구나
안가는 이유 : 일요일에 안열고 평일은 자리가 부족, 사리면 하나에 2천원은 좀 심함듯",4
닭꼬치가 정말 아주 그냥 쥑입니다. 닭도리탕에는 들어가는 게 많이 없어 아쉽지만 그만치 맛은 괜찮습니다. ,4
아주머니들은 친절하시나 맛집이라고 할정돈 아니고 줄서는게 너무오래걸려요,3
오년전에 먹은 닭꼬치가 아직도 아른거려서 리뷰 남깁니다. 초여름 평일 퇴근시간전에 갔는데도 착석한지 몇분 되지않아 여기구나 싶던 집. 역시나 닭꼬치 맛있습니다... 제 인생 최고였습니다... bb 닭볶음탕도 괜찮습니다... 또 가고 싶어요...bb,5
,5
"한시간기다렸는데...
닭볶음탕은 무조건 맛있다는 공식을 깨줌 ㅠㅠ 왜케 인기가 많은지 모르겠어요ㅠㅠ
닭꼬치를 못먹어봐서 그런건가ㅠㅠ 일단 닭볶음탕은 너무 밍밍하고 지금까지 먹어본 곳중에 젤 별로ㅠㅠ",1
"닭꼬치만은따로안판대요.
헛걸음.....",1
"닭도리탕도 맛있지만 닭꼬치가 압권
웨이팅 길고 닭꼬치를 1인당 2개만 주문 가능하다는게 함정",4
최근에는 대기가 너무 길어서 가보질 못해요,4
워낙 오래전에 가서... 북적거리고 갈만은 한데... 대기가 길다면 굳이~ 이 집 대기 포기하면 주변에 갈 곳이 없음,3
,3
모르겠어요,3
"닭도리탕 술안주 굿
일찍 가야함 꼬치 금방나감",4
볶음탕은 보통. 꼬치는 좋음,4
Skewered Chicken,3
,5
,5
닭꼬치 정말 맛있어요 닭도리탕은 보통입니다 ,4
,4
맛있는데..사람이 너무 많다..줄서기 싫다,4
,3
,3
"아 닭고기가 이런 맛도 나는 구나~~~~~
그런데 회식하는 아저씨들 너무 만쿠나~~~~~
씨끄러워서 정신이 없구나~~~~",4
맛있어요! 특히 꼬치!,4
"닭도리탕 닭꼬치 볶음밥 삼종세트!!
닭꼬치 숯불맛 굿굿^^
닭도리탕도 진국^^",4
,5
닭꼬치는 다음 기회에,4
닭꼬치 일품,4
"너무 기대했낭ㅜㅎㅎ
볶음밥이 별미 
늦게 갔더니 닭꼬치가 없어서 아쉬웠당ㅠㅜ",3
서울에서 닭꼬치랑 닭도리탕이 여기보다 맛있는 곳은 없죠! 연탄불에 직접 굽는 닭꼬치는 1인당 두개밖에 못 시켜요.,5
충정로역. 중림동 약현성당 입구. 소소한 닭꼬치2. 닭도리25,5
,4
"이정도 가격에, 이정도 양이면 별다른 말이 필요없습니다. 닭꼬치 드실분은 오후에 가시면 드실 수 있습니다.",5
"닭도리탕은 약간좋음
연탄불 닭꼬치는 맛있게는데 못먹었슴",3
닭꼬치와 닭도리탕의 갑! 이렇게 부드러운 고기가 닭이라는 것이 믿기지 않을 정도. 6시에 가도 자리가 없다는 것이 아쉬움~,5
꼬치집,4
"닭도리탕 전문. 닭볶음탕이 아니다!! 가득한 국물을 보라 ㅋㅋ
그러나 여기 핵심은 연탄불에 구워주는 닭꼬치. 이거 한정품으로 늦게가면 주문 불가. 역시나 유명한 집으로 웨이팅 길다.",4
,1
"공기밥 쌀도 괜찮고 미역국,밑반찬도 맛있어서 모처럼 맛있게 잘먹었습니다~^^",5
"저는 대창깍둑치즈볶음밥,남자친구는 대창깍둑볶음밥을 주문했습니다. 대창이 하나도 없었습니다.
요리하시는 분이 대창을 까먹고 안 넣으신 줄 알고
직원분에게 한번 물어 봤더니 기름이라 안 보이는 거라고.........(황당) 대창 껍질 조차 안 보였는데 껍질도 녹는건가.....;
그리고 결제할 때 속상해서 사장님께 대창이 없어요..라고 말씀드리니 손님들이 대창을 안 좋아해서 그렇다고....
그런 손님들은 대창을 안 시킬텐데...
답변이 황당했습니다.",1
맛있어요. 늘 만석이라 대기가 좀 있어요. 회식장소 한식주점 ,5
,3
.....,1
감자전.. 진심 심각 ㅜ 딱딱해서 먹을 수가 없엇어요,2
"진심으로 전은 메뉴에서 빼야할듯
딱딱하고 맛도 없고 
가게 평점을 위해 반드시 없애버려야 할 메뉴",2
"대창곱떡볶이

감자전",4
대창깍두기 볶음밥이 최고 맛있음! 다만 양이 적어서 2인분 시켜야합니다,5
"음식 맛은 괜찮았는데 직원 한 분 태도가 별로.
째려보 듯이 쳐다보더라고요.
그래서 별 두 개.
재방문 의사 없음.
",2
"밥먹으면서 병맥주 조그만거 한병 혼자 마셨는데 
만원받음ㅋㅋ
솔직히ㅜ 너무한다고 생각안하세요&hellip;? ",1
"맛있는데 평점이 안좋네요😯&bull;&bull;&bull;?
음식 전부 맛있고 가격이 비싸긴 하지만 서비스도 괜찮아요‼️",4
,1
"만리재길 걷다가 직장인 분들이 기다리고 계시길래 찾아가서 먹었는데 왜 기다려가면서 드시는지 이해가 1도 안됐던&hellip; 돼지고기 김치찜에 돼지고기 4조각 들어있고, 갈비찜은 다 식어있어서 저 주물팬도 차가워요. 가격이 저렴한 것도 아닌데 물, 반찬 추가는 전부 셀프. 이제 여름인데 선풍기도 없이 밖에서 먹어야 하는 것도 그렇고 가성비도 안 좋아요. 직원들 소통이 안되는지 웨이팅하는 손님 들어와라, 올라가라, 나가라 시켜서 손님이 화가 나서 마지막으로 안내한 직원분께 화를 낸 것 같은데 &lsquo;내가 그러라 한 것도 아니고 나는 손님 처음 응대하는데 왜 나한테 화내냐&lsquo;고만 하셔서 그냥 재방문 안하려고요.",1
전이 아닙니다.. 처음보는전,2
,5
"더 이상 맛있을수 없다.
최상급 미식 경험
",4
,2
"우와,,, 찐맛집",5
묵은지김치찜 짱맛 깍두기도 맛있어요!! 깍두기김치전도 ㅋㅋㅋ ,5
"대창깍두기볶음밥은 드시지 마세여&hellip;
밥은 질척 대창은 몇개 없고 기름범벅 ㅜㅜ ",1
"술안주보다 밥이
맛있던데요? 
주차는 당연히 안되고",4
"맛있긴한데
기다려서 먹어야하는곳은
확실히 아닌거같다

그냥 가끔 만리재 지나치다
한식땡길때 웨이팅없으면 가면될거같다",3
,4
"찜닭은 무난하나 나머지는 수준 미달..
기다려서 먹을 맛은 아님.",2
"아니 너무 맛있는데? 
밥 꼭 볶아 먹어요~~",5
가끔씩 깔끔하게 먹고 싶을 때,3
"안타까워 글 남깁니다.
몇일전 와이프와 오랜만에 데이트 할겸 들렸습니다. 손님도 제법 있더군요.
 갈비찜 시키고 소주한잔 하면서 기다린 끝에 음식이 나와 갈비를 가위로 잘랐습니다.

근데 속이 하나도 안익고 꽝꽝 얼어서 벌것게 나왔더군요.바뻐서 그런거 이해해서 다시 데워 달라고 했습니다.여직원분이 죄송하다며 새로 주신다길래 그냥 익혀서만 달라고 했습니다.

근데 다시 데워서 나온 음식이 국물이 다 쫄아서 타기 직전까지 됐더군요. 고기야 제가 잘라서 보기는 안좋았지만 자작자작해야 하는 국물이 하나도 없고 탄맛까지 났습니다. 정말 입맛이 뚝 떨어지고 기분이 별루 였지만 와이프가 그냥 먹고 가자고해서 아무소리 안하고 먹었습니다.
근데 맛이 정말 좋았습니다.맵기도 좋고..

거기서 너무 안타까웠습니다.이런 맛을 내면서 별점을 못받는게 정말 안타까웠습니다.

사장님 서비스에 신경쓰세요 댓글보니 대부분이 바뻐서 놓치는 친철함과 소소한 서비스입니다.

평생 이동네 살면서 요즘 핫플레이스 생겨서 너무 좋아서 글남깁니다. 더욱 발전하십시요

조만간에 다시 방문 예정입니다. 그때 변화된 모습 생기면 별점 올리겠습니다.",2
"19년 개업부터 자주 먹는데
불고기비빔밥에서 실리카겔 나왔어요
(김 같은 거 습기제거제로 쓰는 하얀 알갱이)

밥 먹다가 돌멩이 씹은 줄 알았는데 실리카네요..

아마 후리카케?에서 섞인 거 같은데
재료 관리 부탁드려요... 초심 잃지 마세요

",1
"네이버 후기 믿지마세요-;;
대창깍두기볶음밥에 대창 2조각..
낙지비빔밥에 낙지 쬐금
재료를 너무 아끼시네요- 최악입니다",1
남자직원..더 비싼걸로 주문 잘못받아놓고 그냥 먹으라고 해서 안먹는다고 했더니 싸우러왔냐고 그러네요. 귀를 의심했습니다..ㅎ본인실수하고 전혀 사과안하고 안하무인으로 저희에게 그냥 먹으라고 불손한 태도로 쳐다보는데 할말을 잃었어요&hellip;. 하 참 손님에게 이런 태도 처음이네요.. 직원분들 교육 잘 시키시길..,1
주문 두개나 잘못받아 놓고 그냥 먹으라고 해서 그냥나왔읍니다,1
"오픈 초기보다 양과 질이 많이 부족해졌어요. 안주류는 여전히 괜찮지만, 식사류는 자꾸 부실해지는데.. 특히 지난주에 대창김치볶음밥에 대창이 딱 2개 나왔네요.
하지만 이 일대에서 깔끔하게 식사하기에는 괜찮아서 늘 붐비는 곳입니다.
특히 테라스 좋아요~!",3
맛도 그렇게 엄청난것도 아닌데 가격대비 양이 너무너무너무너무너무너무 적어요.. 화가날정도 ㅋㅋㅋ ㅠㅠ 대창떡볶이는 퍼음부터 대창을 잊고 주셨어서 다시 넣어주셨는데 갯수를 셀 수 있을만큼 적었고 김볶은 ㄹㅇ 3조각나옴ㅋㅋㅋㅋㅋ 만이천원 이만얼마 받아놓고 이건아니죠,1
쏘쏘요,3
"제발, 딱봐도 망친 요리는 시간 걸리더라도 다시 만들어서 주세요..대창깍두기볶음밥 시켰는데 밥이 다 질어서 떡이 된 상태라 제대로 먹을 수도 없었음. 고소한 김치맛은 커녕 간도 밍밍하게 된 채로 대창도 다섯개 조각인가?? 밖에 없고...이렇게 맛없는 김볶은 첨 먹어봄...;; 지난번 맛있었던 기억으로 또 시킨 메뉴인데 오늘 돈주고 못먹을 음식을 주니, 이번에 음식하다가 망한 거 같은데..어떻게 그대로 갖다줄 수 있죠? 만들면서도 이건 망했다! 느낌이 안오셨나요..?
같이 주문한 다른 음식보다 한참 늦게 나온데다 손님 앞으로 안갖다주고 자기 바쁘다고 테이블 끝트머리에 턱 놓고가서 일일이 손으로 옮기게 만들고..여러모로 짜증나네요- 다신 안가려구요",1
,3
,5
"유명할지 모르겠지만
손님에대한 서비스는 영~~아니네요
실망",2
재료는 만족스럽고 맛은 무난해요. 전체적으로 조금 단 편이에요.,3
,5
한식레스토랑같네요 천년수육곰탕 9천원에 나름 양 많이나오고 찜닭도 너무너무 맛있게 잘 먹었습니다 서울역이랑 가깝고 분위기있어서 굿 굿,5
가격대비 만족했습니다 국도 반찬 메인요리 나름 괜찮았습니다 사람들도 꽤 있는거 보니 많이들 아는것같아요 서울역  주변 빠른 밥 한끼하기 좋습니다 ,5
,1
,4
고등어 말라비틀어짐 ㅜㅜ 이렇게 안발라지는 고등어는 첨이에요.. 밑반찬도 고등어구이 만원치고는 넘 간소하구..,2
아래보니까 안좋은 평은 다 신고하시나보네요?,1
여기는 김치찜이랑 불고기샐러드가 맛있어요~! 천연수육 평이 안좋던데 다른거는 정말 괜찮았어요,5
낙지볶음&amp;석갈비,5
불향낙지비빔밥&amp;고등어구이,5
저희가 10시쯤 오픈시간 전에 가서  ㄷㅏ른  곳 가려규 하는데 그냥 들어오라고 감사히 받아주셔서 찜닭 시켜먹었어요! 간장 맛이 좀 있긴한데 평타 이상이구 불고기 샐러드 덮밥도 삼삼하니 맛있는데 찜닭의 간장 소스 뿌려 먹으면 더 맛있어요! 추천합니다 ㅎㅎ,4
"숙성 삼겹살 파는 집에 여러 곳이긴 하지만, 저는 여기가 최고로 맛있는 것 같습니다 🫢",5
"맛은 있으나 알바가 미숙함
첫 주문할때만 동일 메뉴 2인분 해야하는데 알바가 이부분 설명을 제대로 못해서 계속 2인분씩 주문했음
",1
제일 좋아하는  목살이야,5
고기가 진짜 일품입니다 ㅋㅋ 또가고픔,5
"맛있어요! 다만 알바생 복불복이 있어서
초짜 알바분이 구워주시면 고기 질겨지고 탑니다.. 목살도 삼겹살같이 부드러워서
삼겹살-&gt;목살 보다는 목살-&gt; 삼겹살 코스로 드시구요 완전히 바싹 익히지 마시고 직원이 고기뺄때 바로 드셔야 맛있어요
찌개류는 가격대비 별로고 반찬도 다양해서 좋아요 단점으로는 너무 시끄러워서 대화는 불가능입니다",5
밥은 3일된듯하고요 고기도 별로,1
"토요일 저녁 1시간정도 웨이팅 했고, 이정도 기다려서 먹을 맛은 아닌 건 확실하고, 첫입은 맛있었으나 정말 매우 느끼해서 많이 먹기 힘들었습니다. (괜히 빨간 무생채 등등을 주는 게 아니네요. 같이 먹지 않으면 먹기가 어려울 정도)
몇년 전 회식으로 가려다가 모든 사람이 오지 않으면 앉을 수 없다고 해서 굉장히 기분이 나빴었는데 여전히 이렇게 오래 웨이팅을 하는데도 캐치테이블같은 걸 쓰지 않는 게 손님 배려를 하지 않는다고 느껴지네요. 차례가 돼서 전화 왔을 때, 가는 데 10분정도 걸린다고 말씀드리니 '원칙은 5분 기다려드린다'며 선심쓰듯이 말씀하시는 것도 기분이 좋지 않았습니다.",2
음식이 신선하고 맛있었어요.,4
두툼하다. 맛있다. 고추장찌개 밥도둑이다. 무생채 차갑다. 가격 차갑다.,5
소문에 비해서 그닥 맛있는 고기집.,5
소문에 비해 그닥.. 웨이팅하면서까지 먹을정도는 아님...,4
"중림동의 상징적인 음식점. 숙성육의 맛이 상당히 괜찮은데, 특히 목살이 인상에 깊게 남았습니다.",4
여기는 무생채 하나만으로도 가치가 있음,5
남편이랑 몇 번가서 친구들 소개해줬는데 다 맛있다네요 😊,5
"맛있는데 웨이팅이 너무 길다
고기 맛있음",5
"서울 탑급이라고 보긴 어려우나 맛있다
발길을 이끄는 주력은 무생채임",4
,5
"삼각지 몽탄, 을지로 산청의 웨이팅이 두려운 분이라면 청정로 두툼으로 가면 됩니다. 이곳은 웨이팅 장난도 없어서 약간의 줄만 서면 바로 맛있는 고기를 먹을 수 있습니다. 주말에 가면 바로 입장도 가능합니다.",5
,5
왜 기다려서 먹는지 의문... 요즘 삼겹살이 상향평준화되어있는데 크게 특별한 맛이 없음 ,1
많은 기대를 하고 갔지만 구워주시는 분의 스킬이 중요하다는것을 깨닫는곳. 고기의 상태는 괜찮은듯하다,3
훌륭.. 웨이팅은 감내..,4
"을지로 산청숯불가든, 삼각지 몽탄에 가서 불필요한 웨이팅을 하면서 힘을 빼기보다는 중림동 두툼에 가서 웨이팅도 적게 하면서 맛있는 삼겹살에 집중하는 게 좋습니다. 여긴 찐이다.",5
평일보다는 주말에 가면 조금 더 편하게 이용할 수 있습니다.,5
웨이팅이 힘든 것 빼면 재방문 의사 있습니다,5
"손님 많은데 생각보다 친절하고 
퀄러티가 좋다",5
여기는 찐입니다. ,5
그냥 그래요,2
,4
"응대 접객 마비수준.
고기도 특별한 수준은 아님",2
고기 완전 맛나요 야채가 없어서 아쉽지만 ㅠㅠ 자주 가는 단골집~,4
재방문의사 o 맛있었어요 ! 고소함 기름기가 좀 많아요,4
"그냥 방문도 아니고
예약해서 방문했습니다.

x명 예약에 과반 이상 도착해서
고기시켜 구우며 먹고있겠다고 하는데
입장조차 거절당했습니다.
1분뒤 한명이 도착하여
한명만 더 오면되었는데
그래도 안된답니다

이런 리뷰 하나가 무슨 영향력이 있겠냐만
정말 어이없는 가게 운영 정책입니다.

이런 콧대만 높은 가게는
초심으로 돌아가길 바라며
감히 1점 드리고 갑니다.",1
"비계가 많은 삼겹살이라 그런지 육즙이 많은 느낌이예요. 전 호였는데 느끼하다고 느낄 수도 있겠어요! 가게는 천고가 높은것도 아닌데 엄청 시끄럽게 울리는 편이예요! 리뷰보니까 전원이 와야 입장가능하던데 차라리 최초입장객이 최종인원수대로 주문하게 하고 최초입장시간 기준으로 이용시간을 제한으로 두면 뒤늦게 합석해도 기다리는 사람에게도 문제없고 모두에게 좋을텐데 왜 이렇게 타이트하게 하는지? 손님하고 기싸움 하시나 싶네요..설마 이정도 아이디어도 생각 못하신건 아닐테고.. 그리고 누군가 구워주시는데 한분이 커버하시는 테이블이 4~5군데정도라 뒤로갈수록 고기가 타요! 구워준다는 서비스의 익힘 정도를 모르시는건지..!! 직원분은 열심히 일하고 욕먹을 것 같네요!! 그리고 술잔이 깨져서 왔는데 바꿔주시러 깨진걸 들고가서는, 휴지통인지 술병박스인지에 집어던져서 와장창 소리나더라구요?ㅋㅋ 누가 홀에서 저렇게 버리나요? 다들 놀라서 쳐다보는데도 직원들은 재밌는지 서로 웃고 있었어요 ㅎㅎ 왜 굳이 저런행동을 하시는지? 거의 야구공을 바닥에 꽂아버리듯이 던지시는데 그럼 파편때문에 위험하지 않나요? 따지려다가 안했습니다. 다시 안가면 되니까요. 본인들이 스스로 맛집이라고 인정하며 겸손함을 잃으신거 같은데 겉멋이예요 정신차리세요!",4
,4
,5
,4
"목살 최고!!
단, 웨이팅이 단점 ㅠㅠ ",5
,5
,5
"육전식당&gt;금돼지&gt;&gt;&gt;&gt;&gt;두툼.
개인적 입맛입니다. 굽기를 못하는건지, 목살에 육즙도없고 그냥 퍽퍽한 고기맛이네요.
일부러 찾아 갈 집은 아닌듯.",3
,4
"2023.08.27 마지막 방문/
숙성 돼지고기 구이집.
질좋은 국산 돼지에 가벼운 드라이에이징이 더해져 진한 육향과 맛을 즐길 수 있다. 본격적인 드라이에이징을 거친 고기는 그 특유의 향 때문에 호불호가 갈릴 수 있지만 이 집의 경우 호불호 없는 적절한 수준을 잘 잡았다. 삼겹살의 풍미가 특히 매력적이다.//

카카오맵 맛집 추천 지도 - https://www.photoguraphy.com/?p=3997",5
"삼겹살 맛있어요!!!
목살 보다 삼겹살이 훨씬 맛있게 느껴졌는데
삼겹살이 비계가 많다 보니 좀 느끼했지만 맛은 있습니다 ㅎ 냉면은 맛없어요.. ",5
4명이 가서 차 세우는 한명 있다고 못 앉게 함. 전체가 다 있어야 앉을 수 있다고. 이런 집은 처음. 재방문의사 전혀 없음. ,1
일행 다 오기 전까지 못 들어가게 하는 가게는 처음 봄. 이건 그렇다 쳐도 직원이 고기를 잘 못 구움. 고기가 계속 불판 벗어나서 식탁은 기름 범벅됨&hellip;재방문 의사 없음,2
,5
맛있는 고깃집. 웨이팅이 평일에도 심하나 가볼만 하다,5
특별한 목살,5
7~8년 전부터 이용했던 곳인데 친절도 그렇고 맛도 평범해진듯...,1
,4
,5
"인원 추가 안된다고 난리에 난리&hellip; 점장이 아예 없고 관리를 안하나봐요

-4명인데 인원 다 와야한다고 함.
-한명 늦어서 3명으로 변경 후 다시 대기
-3명이서 4명 테이블 착석 후 고기랑 술 시킴
*이때까지 추가 인원 제한에 대한 안내 없었음

-5-10분 뒤 한명 도칙. 의자는 이미 4개였기에 착석
-수저 세팅 부탁하니 인원 추가 안된다고 나가라 시전함
-인원 추가에 대한 안내는 못받았다고 정중히 말씀드리고 업장 policy 몰라서 죄송하지만 3인이나 4인이나 이미 주문도 했고 테이블 이용에 문제는 없지 않나고 문의
-&ldquo;우리 직원들이 다 안내 해드렸을거에요&rdquo; 라고 알바 4명이 앵무새 같은 말만 하고 결국 나가라고 함

ㅈㄴ 어이 없음 몽탄 계열 고깃집은 다 이딴식으로 베짱 장사 하나봅니다

밖에 나오니 웨이팅 손님도 없었습니다. 주말도 아니고 평일에 ㅋㅋ 베짱장사 화이팅",1
추가인원 사전 설명도 없이 고기 4인분 시키고 테이블에서 먹다가 추가 인원 한명 발생하니까 내쫓는 업장&hellip; 서비스 정말 최악,1
,5
"그대치가 너무 높아서인가 
웨이팅을 할말한곳인가의 의문이 드네요
보통은 숯으로 먹음 목살이 더 맛있어야했는데
삼겹이 더 겐찬더라구요
그리고 고기를 직접 구워주시다보니 몇테이블 같이 구워주시느라 죄다 타고...  찌게는 맛있었어요

웨이팅없이면 몰라도 웨이팅급은 아닌 개인생각",3
,5
,1
"드라이에이징 삼겹살 목살 

여기 정말 맛있습니다. 특히 반찬으로 나오는 무생채가 킥입니다. ",5
완전맛집. 한번가면 계속생각남,5
"이곳을 이기는 고깃집 없어요 존맛탱
구워주셔서 좋아요",5
,1
,1
,1
,1
,1
,1
,1
,1
,1
,1
,4
"다맛있음
웨이팅 너무 심해서 슬픔

유일한 단점은 고기를 구워주는 시스템이라 잘 못굽는 종업원분이 구워주시면 의도하신건 아니겠지만 맛의 퀄리티가 현저히 떨어진 적도 있었음.
굽는 연습 더 하고 테이블 쪽에 인원 배치해주시길!",5
식탁에 있는 모든게 맛있음,5
정말 맛있고 정말 시끄럽다,4
"삼겹살, 고추장찌개 맛집 인정",5
최악입니다. 가게 갑질이 장난아니네요.,1
맛있습니다. 그 외엔 가게가 갑이군요.,4
,4
"삼겹살 껍데기 고추장찌개 맛있어요
웨이팅만 없으면 자주 가고 싶은 맛",5
"직원인지 사장인지 엽기토끼 닮은 덩치크신분.. 뭔 기분나쁜일이 있으셨나 웨이팅 적고있는데 글씨 이쁘게쓰라고 시비조로 따지듯이 얘기하네요.. 일행모두 기분나빠서 먹지 않고 나왔습니다.
누가봐도 또박또박썼구요, 고기굽는법보다 친절하게 말하는 방법부터 배우셔야 할 거 같습니다.",1
너무 맛있어요 ㅜ 웨이팅 회전도 빨라요,5
너무 맛있었어요 ㅠㅠ 명이나물도 최고였고 고기도 정말 맛있었어요 직원분들이 구워주셔서 편하게 먹을 수 있어요!! ,5
항정살은 비계가 너무두꺼워서 별로였고 삼겹살이 더 맛있었지만 굳이 웨이팅할정도는 아닙니다...,3
예약 필수 대기 필수!!,5
"4명중에 한명 늦게 온다는 이유로 입장이 안된다고 하는데 자리가 많이 비어있었는데도 대기하라고 하는 그런 서비스가 이해가되지않아요. 자리가 5군데 비어있었는데 대기하는 서비스에 불편함을 느껴서 오고싶지않네요.
주차X, 서비스X ",1
존맛,5
"살면서 먹은 삼겹살중에 젤 맛있음
나만 갈 거야 나만 갈 거야 나만 갈 거야
-
다른 리뷰에서도 말한 것처럼 구워주는 사람 편차 있긴 함",5
"처음 안 시점부터 두 달간 4번 정도 갔음
구워주는 사람마다 편차있음. 오래 익혀서 고기 마르면 맛 반감됨

숙성, 백탄, 와시비, 명이 된찌 죄다 근본.
고추장찌개도 맛있음.

인원추가 안되는 점은 그렇다 치고 
인원 모두가 다 대기 해야하는 웨이팅 관련에 불만있는 평이 있으면서 이 점에는 개인적으로도 첨엔 의아스러웠는데 갈 때 마다 크게 문제된 적은 없었는 듯. 맛이 커버 가능. 대기자들 문 들낙 않게 웨이팅 프로그램 갖다 쓰면 서로서로 편해질 듯

최근 고기 잘한다는 곳 여럿 돌아다녔는데 서울 탑티어.
",5
"테이블 단위로 예약을 받아야지 일행이 한명 안왔다고 안받아주는 영업방식은 이해가 안되는 행태네요.
어떻게 모든 인원이 한꺼번에 오는지..안먹고 갑니다.번창 하세요",1
맛나게 구워주셔서 너무 좋았고 고기가 너무 맛있어서 진짜 간만에 과식함... 이미 웨이팅도 길어서 그냥 이제 나 이후로 아무도 몰랐으면 좋겠음 ㅋㅋㅋㅋㅋㅋㅋㅋ ㅠㅠㅠㅠ 하지만 맛때문에 그럴 순 없겠죠.... 너무 맛있어요....,5
사람이 많아서 시끌시끌. 고기 먹고 싶을때 딱. ,5
,5
"오지마세요. 나만 갈거니까...
사람들 많으면 웨이팅만 길어질 뿐...",5
제발 가주세요 고기가 입에서 춤을 춥니다,5
가려다 후기 개판이라 거른다,1
"너무 두툼해서 걱정했는데 왠걸. 겉바속촉으로 입에서 부드럽게 녹아요. 항정살이 내가 알던 모양이 아니라 껍데기까지 붙어나왔어요.
가격도 동네보다 안 비싼데 맛은 천지차이입니다.
1명당 2인분씩 먹고 배부른거보니 양도 많은 거 같아요.

저의 넘버원은 삼겸살!!",5
추천받아 갔는데 맛있네요!,5
"맛있는데요, 직원분 응대가 참 아쉽네요. 주위에 추천은 안하겠습니다. ",1
,5
초창기에 갔었고 맛있었는데 대기줄이 늘 길어서 못갔었어요. 이번에 한시간 기다려서 갔는데 처음에 먹었을때랑 좀 실망이네요. 그냥 두툼한 고깃집 평균치예요. 그리고 고추장찌개 서비스로 주던거 양늘리고 유료화한건 좋습니다. 근데 맛이 왜이렇게 없어졌어요? 그냥 맹탕에 고추장맛밖에 안나요. 찌개 정말 맛있었는데 얘도 실망이요. 심지어 최악인건 먹고 배탈나서 고생했습니다. 같이 간 일행들도 다 배탈 났고요. 가격만 비싸고 반찬도 몇가지 안돼요. 다시는 안갈듯 하네요.,1
이정도 맛이면 웨이팅 할만하다,5
단백한 맛 좋아하면 강추,5
"숙성삼겹 1등,, 집앞이어도 먹기 힘들다  ",5
웨이팅 긴 거 빼면 최고,5
"굉장히 맛있다. 일인분에 170그램이라 너무 적은거 아닌가 싶으면서도 막상 먹으면 그 이상으로 많은 듯. 일하시는 분들은 친절한대, 저러다가 쓰러지는 건 아닌가 하고 열일중. 다만, 너무 시끄러워서 대화가 힘들다. 그리고 테이블이 굉장히 좁다. 이 두 단점 빼면 좋다.",4
"먹어본 목살중에 가장 맛있어요!!
삼겹살도 맛있는데 목살이 짱
한가지 아쉬움 점은 고기 구워주시는분에
따라 고기 맛이 다른거 같아요",5
,5
삼겹 존맛 비빔국수 존맛,5
,3
"신맛을 과하게 쓴다 근데 그게 고기에 또 잘 맞는다 그릴링 해주시는 분이 고기를 태웠다
내가 굽는다고 할 걸 그랬나",4
"이정도면 뭐 굿 ㅋ
가성비는 아니고 적당한 가격에 맛있음 !",5
"최고의 삼겹살
앞으로 삼겹살은 여기서만 먹을겁니다",5
"웨이팅 1시간 ㅠ ㅠ 
하지만 맛있었다
그만 유명해지셈",5
최고.. 찌개 꼭 드세요 삼겹살보단 목살,5
"역시 명성대로 고기가 두툼하고 맛있어요.
5시 경에 방문해서 운 좋게 바로 입장했지만 따로 원격줄서기나 예약 시스템은 없는 것 같아서 만약 웨이팅이 있다면 불편할 것 같았어요. 좀 더 편리한 시스템이 생긴다면 좋을 것 같아요!",4
정말 맛있어요... 특히 목살 추천합니다,5
"주변에서 여기보다 맛있는 고깃집은
없.음.",5
,4
,5
"수요일 저녁 6:30쯤 도착해서 70분 웨이팅했지만 후회 없는 기다림이었습니다
 테이블링같은걸 운영하시면 더 편리할 것 같아요
제주도 숙성ㄷ 혹은 그 이상 급으로 맛있었습니다
목살이 정말 맛있었어요 삼겹살은 마지막에 먹어서도 있겠지만 살짝 느끼했습니다
다음에 조금 더 이른 시간에 가서 먹고싶어요 재방문 의사 많습니다.",5
맛있어요 구워줘서 좋아요. 살얼음무생채 존맛~~~! 주말이어도 5시 전에 가면 웨이팅없이 무난해여,5
"한번 가긴 했는데 고기 잘 구워주시고 맛도 베스트3 안에 드는듯..

가까우면 진짜 자주 갔다.",5
굉장히 맛있음,5
"예전부터 자주 다니던 집인데 이번에 갔을 때 너무 별로였어요. 고기도 잘 못 굽고, 응대도 별로였네요. 한동안 안올듯여~",3
"집에서 멀지만 첫번째 너무 맛있어서 두번째 방문,,
바빠서 어쩔수 없기도 하겠지만 직원이 여기저기 돌아다니면서 고기 구워주는데 그래서 고기가 너무 못구워져요
처음이랑 차이가 너무 나요. 심지어 퍽퍽한 수준,,,
굽는 직원의 실력문제인지 인력난인지 모르겠지만 
이건 쫌,,,,",2
"삼겹항정 존맛임니다,,
고추장찌개도 맛있음 !
웨이팅은 늘 있는 편.",5
"삼겹살보다는 목살
테이블이 편한 편은 아니라서 친한사람들끼리 오기 좋겠다",5
"구워주니 좋고
다양한 고기 싸먹는 반찬류가 맛있으나
그 외 된장,냉면은 그닥..
글구 항정살 비추",4
"오우 존맛 
삼겹보단 목살이 죅꿈 더 존맛
한라산도 있음 최고바리",5
맛있당,5
"서비스가 엄청 좋아요.
젓가락 떨어지는 소리만 나도, 분명 아무도 못 본 것 같은데 어디선가 젓가락 한 쌍을 들고 오시더라는..

전체적으로 맛있습니다. 다만 드라이에이징 된 숙성고기만의 특별함은 잘 모르겠고, 사이드메뉴(된장찌개, 냉면) 등을 강추드려요~",4
"손님대하는게 이러면 안됨.
맛은 어떨지 몰라도 이런덴 망해보아야 정신차립니다.
빈정상함.",1
"맛있긴 맛있는데
평일 금요일 기준 1시간30분이나 기다렸네요
바빠서 그런지 직원들도 친절한 느낌은 아니에요

굳이 이정도 기다려서 먹을 정도는 아닌 것 같고
웨이팅 없이 와서 먹을 수 있으면
만족하고 먹을 것 같네요~

아 그런데 직원분이 고기 태워서 말했는데도 또 태우길래 좀 화났어요 (한시간반 기다렸는데,,,)",4
맛있돈디~,5
인생맛집,5
진짜 존맛 목살 삼겹살..... 직원분들도 바쁘신데 친절하시구 고기도 잘 구워주시구,5
고기는 맛있으나 웨이팅이 길어 별 하나 뺌,4
"어수선한 서비스가 고기 맛을 상쇄하는 곳~! 느려터지고 주문도 제대로 못받을거면 최소한 싸가지라도 있으셔야죠ㅠ
웨이팅과 무례함에도 끄떡없는 넓은 아량을 가진 분께 추천드려요~",1
,5
"최애 고깃집,, 껍데기항정 너무 맛있어요 ㅠㅠㅠ 삼겹살보단 목살 추천!! 된찌랑 비냉도 꼭 시켜야해요",5
"웨이팅이 너무 심하지만,,
맛있어서 기다릴 수 밖에 없어욥 ㅠㅠ",5
웨이팅이 힘들지만 맛 지림... 찌개먹어야함,5
삼겹살 너무 맛있어요. 기다린 보람이 있네요. ,5
"삼겹살 맛있게 잘 먹었습니다. 두툼하고 육즙이 살아있네요. 그리고 된장찌개도 괜찮았어요. 직원분들도 친절하시고 센스있게 필요한 것들을 잘 챙겨주셔요. 다만 고기를 직접 구워주시는데, 고기가 두툼하다보니 안 쪽이 살짝 덜 익은게 있었어요. 그런거는 좀 더 익혀 먹었습니다.",4
삽겹살도 밑반찬도 좋아요. 다만 껍데기 항정살은.....고기구워주는건 정말 좋아요^^,3
삼겹살 먹고 껍데기항정으로 마무리~ 굿굿이여,5
대기 넘 심함 ㅠ,3
"맛도 좋고 친절한데,
2번째 방문에서
비계가 80%인 삼겹살 먹고 별 2개 뺍니다...
주의 바랍니다.
다음에 또 그러면 사장님께 얘기해보렵니다...",3
"고기맛있어서 몇번갔는데
오늘사람없는 오픈시간에 왔는데
혼자오면 일행이 다올때까지 안내를 해줄수없답니다
근데 뒤에 사람은 일행으로 합류하길래 뭐냐니까
세명중에 한명은 괜찮다네요
ㅋㅋㅋㅋㅋㅋㅋㅋㅋ기분이썩나쁘군요

고기시키면서 사이드메뉴 같이시킬라니까 불이 들어온다음에
시킬수있대요 ㅋㅋㅋㅋㅋㅋㅋㅋㅋ
규칙이많군요ㅋㅋㅋ 

--------------------

맛있습니다
맛있어요 두번가세요
진짜맛있어요
고기맛있어요
삼겹살 최고ㅠㅠ
된찌도맛있어요",3
맛있어서 술이 잘 들어감..ㅎ,5
"젊은 분들이 운영해서인지 서비스가 어수선한면이 있었습니다. 

1. 대기 올려놓았는데 전화가 안옴.
2. 고추장찌개 주문이 누락된듯. 한참을 고기를 먹어도 고추장찌개가 안나옴. 이상하다 싶어 물어보려던 차에 &quot;고추장찌개 시키셨었죠?&quot;하고 서버가 다시 챙김.
3. 앞접시 2개 달랬는데 1개 옴.
4. 고기 추가했는데 안가져다 줘서 추가한다고 다시 말함.

이런 암담한 서비스에도, 숙성된 목살 맛이 너무 부드럽고 멜젓 또한 비리지않고 좋았습니다. 고추장찌개는 칼칼한 맛보다는 된장이 섞인듯 구수한 맛이 고기와 함께 푸근했습니다. 물냉면은 평범합니다. 대기도 많고 서비스도 당황스럽지만, 젊은 분들이 돈 벌어보겠다고 열심히 하다 생기는 실수 정도로 넘어가려합니다. 아마도 고기가 어지간히 맛있었나봅니다.",4
,5
,4
"뭐 맛있긴한데... 글쎄...
내부 좁고, 웨이팅해야하고, 그렇다고 가성비 좋지도 않고...
",3
진짜 두툼함,5
"웨이팅이 너무 길어서 조금 힘들었지만, 고기맛과 찌개맛으로 다 풀리네요. 진짜 맛있습니다. 서빙하는분도 넘 친절하고.",5
안 친절함. 고기맛은 괜춘. 두툼한 고기 먹으러 갔을때 기대하는 딱 그 정도의 차림이 나옴. 갈 데 없으면 또 갈수도,3
들어가자마자 눈째진두꺼운사람 불친절하고 말을 기분나쁘게 해서 걍 나옴 ㅡㅡ ,1
들어가자마자 쫄바지입은 살찐남자가 안내 개띠껍게해서 바로 나옴. ♩♬♪♪해도 팔리니까 서비스 그따위로 하겠지,1
"동네 살아서 유명해지기 전부터 좋아하던 집인데...
최근에 가니까 많이 변했네요
일단 서비스가 너무... 조폭인지 말 걸기도 무섭고
고기가 잘 안잘린다고 배기통에 붙여 대고 잘라주는 건 뭔지... 보고 있으니까, 소독했으니 문제 없다고 하는 것도... 불편.. 보통 그냥 잘르든지 불판 위에서 자르는거 같은데 :(
전부터 점점 불친절 하다고 느끼긴 했지만 동네에 갈 만한데가 없어서 지인 오면 자주 추천해서 데려갔는데...  이번에 지인 데려갈데 너무 미안하고 고기도 별로였어요.. 옛날만큼 신경 안쓰는 듯
이제는 다른 사람한테 추천 못하겠네요 :(",1
"웨이팅 많아서 가봤는데 그냥 그래요
멜젓이라도 맛있어야 하는데.. 기대이하 
구워주는거 그거 하나 만족..
항정은 그냥 기름덩어리 
고기가 두껍긴 해요 ",1
"첫 주문은 동일한 고기종류 2인분부터 주문 가능해요

개인적인 입맛으론 여기는 삼겹보다 목살이 더 맛있었어요

사진은 삼겹살 사진만 ㅎ

코로나 관리에 엄하셔서 먹는거 쉬는데 마스크 안끼면 쫓아오십니당  ",4
역시~ 도톰하니 더 맛있는 것 같아요~ 좋아요~,5
맛있어요ㅠㅠ 대기 길어질까봐 금요일 저녁에 6시쯤 도착해서 바로 착석해서 먹었고 정말 맛났습니다ㅠㅠ 고추장찌개 꼭 같이드세요 삼겹살 한입 고추장찌개한입씩 먹으면 아이게 행복이구나 해요,5
"고기도 다 구워주시고, 직원분들이 다 친절해요
고깃집이지만 회전율이 좋아 기다릴만 해요
된장찌개, 냉면까지 다 엄청 맛있어요.",5
"왈왈왈왈왈
모든반찬마싯고고기좋돨",5
"보노보노 매우 배터짐~
삼겹살이랑 된장찌개 구우우웃",5
"맛은 있으나 일하는 종업원들이 기본적으로 불친절. 반찬 뜨러 갔다가 셀프 아니라고 면박줌. 보통은 &quot;제가 갖다드릴게요&quot; 라고 하지않나.
직원들 교육 좀 시키시길.",3
"이런유두리없는가게를보았나
대기한시간넘게했는데도불구하고
오래기다리게해드려죄송합니다라는말보다
한명이덜왔다고대기뒤로밀리고
삼십분더기다리다들어가려고하는데
한명더안왔다고더기다리라고하는말이이해가안되네요
개짜증나서오는한명오지말라고..기분좋게밥먹으려다일행끼리싸우게되고
두명먼저들어갔다가한명오면먹으면큰일나나요
왜안되냐니까불이식는다고
불이사람보다중요한건지이해는안되고
잘되는집일수록더조심하고더배려해야되는데
하루이틀장사하실거도아니고
한두번간거도아니고작년겨울까지는이러지않았던거같은데
오래줄서도맛보다친절해서먹었고
오늘도그래서갔는데
결국에빡쳐서한시간반만에들어갔다세팅하는거보고짜증나서그냥나와옆에우진갈비가서십만원어치갈비먹음
우진갈비친절하고더맛있음..
이제여긴비추 돈벌고잘되서변하는집들많이봐왔지만여긴그정도는아닌데갑질하는거같아서
더짜증나네요 두툼초심으로돌아가라
방송탔다고갑질하는거아니다
웨이팅하는사람들보고감사하고미안해할줄아는
그런집이되었으면합니다.줄서는게당연하다고생각하지마시고요
네이버리뷰는그냥리뷰작성을못하게해놔서여따라도남겨요.
나말고도말들이많았나봐용ㅎ
진짜후기쓰게만드는집이네..ㅎ",1
일단 맛있음. 코로나 시대에도 꿋꿋한 맛과 서비스. 손님이 뭔가 놓치고 떠나면 사장님이 챙겨주시러 뛰어나오시기 까지함...;;;; 여긴 찐임,5
"고기맛은 확실함
다만 자리가 불편하고 사람이 너무 복닥거림
고기맛만은 최상급",4
"인생고기집.
고추장찌개도 삼겹살도 목살도 국수도 반찬도 너무 맛있고 친절하세요
기다릴만한 맛집 인정",5
직원분들이 맛있게 구워주시고 친절하셨어요,5
인생삼겹살 육즙실화냥,5
왜 줄서지?,2
"맛은 있는데 너무 불친절해서 맛있었는지 기억이 안나요
알바니까 그런거겠지 사장이면 안이러겠지
좀 뚱뚱하신분이요",1
"맛있어서 또 가고싶은데
이 코로나 시국에 종업원 분들 마스크를 안 쓰시더라고요.. 반찬도 손가락에 닿은게 보ㅕㅇ서 좀 아쉬워요",2
진짜 쩔어요 꼭 가세요 강추,5
전 맛있는데 친구는 먹으면 배가 아프대요 ㅠㅠ,3
,5
고기 질이 좋아유,5
넘나 맛있어요!,5
서비스 정말 안좋아여 조폭들 사회에 나와 가게 차린줄,2
펄펙ㅌ,5
찌개도 맛있고 고기도 맛있고 알바들의 고기굽는 능력도 뛰어남 단지 껍데기 항정이 내스타일보다 기름기가 많아 별 하나뺌,4
진짜 맛있어요,5
명이나물 너무 맛있고 고기 육즙 팡팡,5
,5
전체적으로 맛이 꽤 괜찮다.  양이 다소 적은감이 있으나 일단 맛을 보면 가격은 합리적이라는 생각이 들게된다.  직원들이 고기를 비롯 시설 관련하여 자리를 지속적으로 케어하는 모습도 좋았다.  아쉬운 점이라면 위치가 다소 애매하다는 것 정도,4
"기다릴만한 이유도 없고, 제값 못한다. 고기 구워주는 직원이 고기를 너무 못구워서 푸석푸석... 숙달된 사람 아니면 고기 구워주는 서비스 하지마라 진짜..",2
목삼겹!,4
맛있다.  좀 비싸지만 그래도 갈만한곳이다  고기한점에 소주먹기 좋타 단점은 시끄럽다.,4
정말 맛있슴다 진심강추강추+_+b,5
삼겹살도 껍데기도 비빔국수도 다 좋았다,5
삼각지 몽탄에 신경 쓰는 것인가? 여기 신경 좀 쓰셔야할듯. 알바생 친절도가 사람 마다 들쭉날쭉하고 목살 맛도 이전 방문보다 못함. 후식메뉴가 형편 없어도 고기맛 때문에 가끔씩 방문 했는데 앞으로도 이런식이면 다신 갈 일 없을듯,2
,4
서비스 최악!!!기다리라고 해서 뒤에 마지막팀으로 30분 웨이팅중인데 보는 앞에저 마감시작하고... 있는 자리 줄여놓고서는 더 기다리라 해서  앉지도 못했어요   서비스  정말 최악입니다 진짜...,1
23:30분까지래서 택시타고 왔더니 22:30분에 왔는데 자기네들 퇴근해야된다고 못들어오게 하네요,1
,4
"형들이 적당하게 구워주면서 일본어 한국어 잘 구사하며 입담도 자랑하네~
오늘 JTBC 맛있는 녀석들 촬영도 했다는.
일본서 온 조카도 &quot;맛있어요~&quot;를 연발했다.",4
넘나 맛나,5
"고기가 참 맛나는 곳, 술 땡기는 인테리어",4
문어숙회랑 하이네켄 생맥주 진짜 맛있어요. 특히 문어숙회 평생 먹은 것 중 제일 맛있습니다.,5
"웨이팅 각오하고 점심에 갔는데 바로 들어감 럭키 ~ 
불고기파전도 맛있고 ~ 럭키데이 ~~",5
아게다시도후 계란말이 불고가파전 맛있어요,5
,3
"도동탕면, 아게다시도후, 연어회 먹었습니다. 탕면 가격은 우선 1만원이었고 가격 대비 무난무난했습니다. 다만 연어회가 아직 해동이 안 되어 약간 서걱거리는 식감에 정말 적은 양... 이 정도 양과 질에 3만원은 너무 비싼 것 같아요. 차라리 메뉴에서 없애는 게 좋지 않을까하는 생각이 들었습니다.",2
"그냥 무난무난
비올때 가면 분위기는 좋음",3
"국수는 어디서든 먹을 수 있는 무난한 맛입니다. 웨이팅할 정도는 아니에요. 명란 계란말이도 그리 특별한 느낌은ㅎㅎ 바짝불고기가 제일 나은 것 같아요.

어쨋든 전반적인 느낌은 밀키트..?로도 구현할 수 잇을 것 같습니다.

두번 갈 것 같진 않아요.",2
국수와 계란말이 모두 맛있습니다,5
,3
"그냥 국수예요
일부러 찾아간건 후회
직원분들은 아주 친절하셨습니다",2
"도동면 곱배게, 도동비빔면 곱배기, 불고기 전 먹었는데 다 너무 맛있었어요👍🏻",5
"홀 직원이 뭐랄까 무표정하게 참 기계적이라는 생각이 드는 곳이었구요. 음식은 뭐 쏘쏘.
웃는 얼굴로 응대하시면 어떨지~",1
음 뭐 그냥 그랬어요~~^^!!,4
"좀 신기한 맛이긴해요 근데 뭐랄까 술많이 마시고 포장마차가서 토핑 많이 얹어져있는 오뎅탕에 매운고춧가루 추가하고 비법소스 좀 뿌린 느낌???? 
맛있어서 재방문 의사 있으나 헉 미쳤다 또갈래!!!! 정돈 아닌듯",3
맛있긴 한데 특별한 맛인 건 모루겠어요,3
"괜찮아요.
줄서는게 힘들어서 그렇지.",4
"도동면 평범함 두부튀김 맛없음
사케 잔술은 어마무지하게 많이준다",2
"둘이서 파전, 우육탕면 먹엇는데 3만원 나옴.
면 곱빼기 안하면 진짜 양적고 그냥 평범한 국물임.... 인당 15000원 태우기 아까운 퀄리티임.
자기들이 웨이팅수단 안 마련해서 사람들 밖에 기다리는건데, 40분정도 먹엇나. 
마지막 파전 먹으니 밖에 웨이팅 많다고 눈치줌ㅋㅋㄱㄱㅋㅋ안그래도 일어나려 했는데... 불친절한데 맛도 너무 평범하고 절대 다시 안 감. 돈아까움",2
겨울의 맛...❄️,5
"도동면은 저는 처음 먹어본 맛이었어요. 멸치육수인 건 알 것 같은데 매콤한 맛이 있어서 조금 특이했던 맛이었고, 전을 좋아해서 그런지 불고기전 정말 맛있게 먹었습니다!",5
음식은 맛있으나 홀 직원이 너무 불친절하네,3
"맛집이라는 소문에 방문해서 테이블이 조금 작은 듯 해서 큰 테이블이 있는지 
물어본것 뿐인데... 
바로 아주머니 하시는 말씀...
밖에 나가서(그날이 영하 10도) 대기하다 들어오라는 말씀...그 말하는 태도란?
기가 차서 바로 나왔지만 다시는 가지 않을 집.....
주인인지 종업원인지 손님 기분 나쁘게 하는데는 top임....",1
도동탕면 도동비빔면 각 9.000원,5
"서비스 이야기는 뭔지 알겠어요
존대랑 반말이랑 섞어서 퉁명스럽게 이야기 하시긴 하더라고요
다른일 보시느라 문에 없을 때 손님이 문 열고 들어가면 좀 신경쓰시는듯 해요
문에 &ldquo;밖에서 잠시 기다리시면 안내해드리겠습니다&rdquo;라고만 적어놔도 될거 같은데 이건 안내의 문제인듯

맛은 멸치국물에 옥수수면에 고명이 올라간 느낌이구요 나쁘진않은 맛입니다 평범하고 익숙한 맛이예요 고기랑 버섯 고명이 꽤 많아요

저는 기다려야한다면 다른가게를 가고요 안기다려도 된다고하면 갈 것 같아요",4
"오뎅탕에 면 넣고 고기 올린 특색 없는 맛
기다려서 먹기엔 상당히 아쉬움",2
파전 딱딱함. 바로 만든건 맛있었을것 같은데 회전과 맛 사이 밸런스 게임에서 실패. 탕은 보기와 다르게 멸치 육수인데 멸치 손질에 공 들인 맛은 아님.,3
"작년에 방문했을 때는 더 맛있었던 것 같은데..
이번에 어묵탕, 비빔면, 아게도후다시는 다 뭔가 이미 만들어진 제품들을 넣고 끓이거나 데워서 데코만 한 느낌의 맛이었어요",2
,3
,4
탕면만 먹을만해요,2
"탕면 맛있었어요! 지금은 가격이 올라서 9,000원입니당~ 아주머니 뭐 엄청 불친절하진 않으셨는데 다른 사람들이 말하는 분이랑 같은 분인진 모르겠네용",5
,1
,1
탕면은 모르겠고 비빔면 맛있어서 하나 더 시켜먹음,5
에휴... 진짜 이영자씨 입맛은 믿을게 못되네요 솔직히 걍 밖에 줄 서있는 사람들 서있지 말라고 쫓아내고 싶은 맛입니다 걍 정리해드릴게요 간장비빔면은 오리엔탈 소스에 비빈 맛이고 그냥 도동면은 좀 매콤한 어묵탕에 면 넣은 그 이상 그 이하도 아니에요 .. 네 그렇습니다,1
,5
개쥭임;; 다들 자기들만 갈라고 별점 테러한듯;,5
맛은 평타 이하입니다. 그런데 들어가기 전에 주문해야하는게 이해가 안되더라구요. 생각보다 너무 시끄러웠어요.,1
"뭔맛인지 모르겠다
파전은 맛있다",3
"밑에 댓글에 나온 서빙 아줌마 점심에도 있네요
정말 일하기 싫으면 그만두시길
혹시 대기해야하냐 물으니
이거 줄이잖아요 나가요라 함",1
고기국수. 느끼하지않고 깔끔함. 점심에 가면 웨이팅 있음. 굳,5
"그냥 한번쯤 가볼만한 곳입니다 
맛있게는 먹었습니다~~",3
,4
,5
"굳이굳이&hellip;? 진짜 불친절하고 맛도 그닥
어묵탕에 칼국수 넣은 것 같아요",1
,5
"불고기파전은 아래가 눅눅해져서 취향이 아니었고... 탕면은 좋음. 테이블당 이용시간 정해져 있었고, 사장님으로 보이는 분은 친절하셨음. ",4
파전은 5점~ ,3
명란계란말이 자꾸 생각나요ㅜ 서울역 갈 일 있으면 꼭 가는 개존맛집,5
,3
,3
주인인지 일하시는 아주머니 아주 돈독에만 오르신분. 대기하는사람 온 순서가 아니고 메뉴 선택한 순으로 테이블 자리 주는데 &hellip; 진심 황당. 이십분을 기달렸는데 메뉴 안골랐다고 다음사람 먼져 입장 시키고. 좀있다가 또 뒷사람들 입장시킴. 메뉴 우리도 정했는데 ㅠㅜㅠ 계속 밖에서 서서 기다림. 장사 이렇게 하실건가요? ,1
,1
,3
,2
,1
간장소스가 상처를 주는 맛집 ,1
지정해준 자리 안 앉으면 뭐라 함. 맛은 쏘쏘.,2
"기본 메뉴 주문 후 벽 메뉴판에 없는 메뉴 추가 주문하려고 메뉴판 달라고 하면 자리로 오지도 않고 카운터에 비스듬히 서서 &quot;옆에 안보이세요?&quot; 하고 메뉴판 달라는 손님을 가게 내 모든 손님 앞에서 장님 취급하는 식당. 입맛 떨어져 추가 주문 안하자 이전에 주문했던 목록 포스기에서 삭제해버리고 주문 들어간 거 맞냐고 물으니 주문 직접 받아놓고서 주문 하셨냐고 되묻고 주방에서 메뉴 나온다고 알려주는 식당.
맛있다는 리뷰밖에 없어서 시간내서 찾아간 곳인데 국수는 싱겁고 불고기파전은 짰습니다.",1
"얼큰하고 담백한 맛
혼자서 아게다시도후를 다 먹기엔 소스의 달달함이 강해서 질릴 수 있을 것 같다",4
"도동탕면, 불고기파전
완전 맛있네요. 재방문 의사 완전 있어요~~",4
,5
,5
도동면 맛있어요. 막 특별하진 않지만 특이해요. 약간 슴슴한 듯 하면서&hellip;국수도 아니고 백짬뽕도 아니고 라멘도 아니고 울면도 아닌 그 중간 어딘가의 생소한 느낌. 그래서 종종 생각납니다. ,5
,3
도동탕 먹고 옴. 특별하지 않음. 일부러 찾아오기엔 별로... 그냥 조개탕에 면 넣고 고기넣은.... 원래 가려던데 문 닫아서 갔는데 자리 원하는데 앉겠다고 했더니 무서운 말투로 구석자리로 가라함 ㅠㅠ 탕면 뜨거운데 등 뒤로 빛이 쨍쨍하게 들어와서 먹기 너무너무 더웠음 ㅠㅠ 무섭고 서럽고 하여튼 그랬음 ㅠㅠ 중간에 나가고싶었는데 무서워서 못나감 ㅠㅠ 더는  안갈래...마상입었어여ㅠㅠ 엉엉. .. ,1
,5
"주문메뉴 : 불고기파전, 도동탕면(?)
맛⭐️⭐️⭐️⭐️
면은 옥수수면에 쫄깃하게 국물 얼큰 추운 오늘날 추천
불고기파전은 자체로 간이 되어 있고 같이 제공되는 무절임과 곁들여 먹는 것을 추천

회전율 빠른편
",4
"왜들 가는걸까여?
돈주고 먹으면서 불친절에 많이 불쾌하고...맛도 그닥..
다신 안가겠지만 손님 뒷통수에 대고 들으라는건지
파전이 짜다하니 젊은 사람들은 아무 얘기도없이 먹는다고 서빙하시는분과 주방에 계시는 두분이 큰소리로 얘길하시는데 열받아서 한소리 할려다 일행도있고 참았습니다...  코로나로 인해 자영업자들 힘드실텐데 웬만하면 이해하고 넘어갈수도 있지만 이집은 기본이 안된집이라 후기 남깁니다
밑에 후기들 보니 불친절하다는 얘기들도 있네여
완전 별루입니다
별점 한개 주기 아깝습니다",1
맛있다길래 기대했는데 맛은 있었는데 서비스가 최악 가스 다 돼서 가스 다 됐다하니 왜 만지냐 이럼 나참 ㅋㅋㅋㅋ 웃긴 아주머니네,1
남산 맛집,5
전체적으로 양도 많고 맛있어요,5
근처 갈일있으면 한끼 먹기 좋아요 불고기파전 존맛,4
불고기전은 맛있지만 국수는 글쎄요 동네에 있으면 가겠지만 멀리서 찾아갈 맛은 아니네요,3
"맛, 가격, 서빙 친절도,공간. 이 중 어느하나 만족스러운 부분 없음... 무지한 젊은이들의 혜자? 소비행태로 장사가 아직까지 운영되는곳",1
이영자는 맛을 잘 모르는데 자꾸 맛집추천하네,1
생면에 깔끔한 국물..비싼편..국수는 찾아가거나 줄설 정도는 아님..평판대로 서비스마인드만 보면 4천원짜리 잔치국수집 수준,2
도동면.몇번포장해먹었는데.맛있어요.가끔생각나는맛이에요~,4
"후암동에 이사왔을 때 사람들이 줄서서 먹길래 맛집인 줄 알았다.
딱히 맛이 없는 건 아닌데 굳이 줄서서 먹을 맛은 아니고 가격도 많이 비싸다!
혹시라도 줄서는 거 보고 현혹되서 먹고 분위기에 맛있다고 착각할까봐 알려줌!",1
간이 너무 쎔.,3
"불고기파전, 도동비면 맛은 있다 그런데 굳이 줄서서 먹을집은 아닌거같다 ㅇㅇ 도동비면은 집에서 만들어 먹을수 있을거같고.. 사장님인지 서버분이 그렇게 친절하진 않다 딱 3점만큼의 서비스 ㅎㅎ;",3
"주인인지 직원인지 아주머니가 서비스마인드가 없어보임.
일행이 조금 늦게 도착할뿐인데 5분이내에 안오면 나가라함 ㅋㅋ 주문 먼저 하겠다고했으나 그냥 나가라함 ㅋㅋ
회전율 높이려는건 알겠지만 잡상인 내몰듯 대하는것보고 장사 잘 된다고 싸가지가 없구나 싶었음. 망한다면 이유는 궁금하지 않을 듯",1
싸가지없는집,1
,5
"저는 불고기파전? 국수? 그거말고
계란말이 먹으러 도동집갑니다
명란이 뭉쳐있어 짜다는 분도 계신데
흠 ,, 입맛은 다 다른가봐요 전 왤케 맛있을까여
불고기파전은 기름드글드글하긴해요 
그치만 전 계란말이 먹으러 가는거니까 
4.5점이요 ",5
"후기가 너무 짠 것 같아요.
제가 갔을 땐 충분히 친절하셨고 음식도 맛있었습니다!
도동탕면+파전 조합 좋아요:)",5
비오는날 갔는데 파전을 파는데 막걸리가 없고 밑에 댓글처럼 조금은 불친절함 대신에 국수맛은 아주 독특하면서 칼칼하니 생면에 괜찮았음 음식만 따졌을땐 가볼만함 ,3
,4
알싸하게 매운 멸치국수. 이영자 맛집으로 유명한데 가격대비 글쎄요......,2
"소문을 타고 장사가 잘되는 것 같습니다.
앞으로도 잘 되시길 바래요.
제가 방문한 집 중 제일 불친절했습니다.
손님 모시고 갔는데 부끄러워서 혼났습니다.
저는 다시는 안갈것입니다.",1
도동탕면과 불고기파전 그리고 따뜻한 사케 한 잔 마시면 그렇게 행복할 수가 없다 좋아하는 사람 항상 데려가고 싶어지는 맛 그래서 추억이 많은 곳 ,5
,4
명란 겨란말이는 넘 크고 명란이 몰려있어서 그런지 내스타일은 아니었고.. 국수는 비빔이 상큼하니 탕보다 맛있었음. 탕은 뭔가 육수랑 재료들이 뭔가 잘 안어울렸다..,3
"서비스 최악, 개판임, 아주머니 싸가지 없슴",1
,5
"그냥 고기 넣은 비싼멸치국수 느낌
불고기파전은 미리만들어둔거 나옴 밀가루 비린내 있음 최악
별로 안친절함
",1
한겨울에 밖으로 웨이팅시킴,1
최고로 불친절 맛도 그냥 자리도 비좁고 불편한 집,1
"가야는이유 : 개운한 국물과 생면으로 유명했던 가게가 방송으로 더 유명해진
안가는이유 : 좁은 매장, 맛은 생각되는 그 정도

도동탕면 : 어묵국물이 연상되는 국물이 씹는 맛이 있는 버섯과 생면, 후추 칼칼함이 꽤 있는
불고기파전 : 불고기양념이 가미되어 양념장이 필요없고, 가격대비 괜찮으나 바닥에 기름이 흥건한 것만 좀 없어지면 더 좋을듯",3
불친절의 극치. 테이블도 많은데 일행 와야지 입장 가능하다고 매장 문 밖으로 내쫓김,1
맛있다 다른 메뉴도 도전,4
맛없어요. 도동탕면은 그냥 멸치 진하게 우려서 후추뿌린것 밖에 없어서 개비려요. 비빔면은 간장에 설탕넣고 참기름넣은 그냥 집에서 대충만든 맛이예요. 진짜 동네앞에서 팔아도 안사먹을 맛인데 가격은 8천원에 양은 어찌나 적은지 다른집 반밖에 안나와서 헛웃음만 나옵니다. 최악. ,1
"먹기전인데 불쾌한건 뭐죠!!

멀리서 주문하세요가

주문이나하세요라고 들리는 무성의
보자마자 반말 굉장히 황당해서

왜 보시자마자 화를 내세요 라고 물었더니 주문하라는거였다는 남자 알바생

두번은 안와요:)

",1
"맛이 문제가 아니었어요. 
바쁘지도 않은 시간에 사람을 몰아서 앉히고 두명이 4인석에 앉았다고 양해를 구하지도 않고 강제로 이동을 요구하고~ 돈내고 빌어먹는 느낌 들어서 먹는 내내 언잖았다는~",1
"내가 먹어본결과 이영자씨 얼굴에 먹칠을....
음식이 보편적으로 짜고 맛이없다, 특히 불고기파전은 파전이라기보다 그냥비싼 전이다~ 파는 둠성둠성 고기는 가끔보이고 두께는 백지장같고 전반적으로 별하나도 아까울정도~ ",1
방송보고 면에 대한 기대가 컷는지 퍼진건지 쫄깃하지도 않은 뭣도 없는 면발실망.고기랑 목이버섯은 양이 충분했지만 별다른 맛도 없었고.. 이가격에 고기라도 그만큼 안 들어 있었으면 가성비 폭망.동네라서 괜찮지 멀리서 일부러 왔음 대실망.이정도 건강 담백한 맛은 집에서도 낼수있거든요~,2
파전은 기름이 너무 많았고 면들은 생각보다 쫄깃하지 않았지만 그래도 대체로 감칠맛이 나고 맛있었어요! 기다리지 않고 먹을 수 있다면 재방문 의사 있어욥.,4
"음 막입이라 이가격이 탕면 맛난지는 글쎄..
가성비 똥망은 인정",1
방송타고 유명해져서 이젠 가기힘든 맛집 ㅠㅠ 탕면이 조기소진되어 비면만 먹었지만 다시 탕면먹으러 가야겠어요 ㅠㅠ ,4
"멀리서 올 맛은 아니고 근처 회사원, 주민들이 갈 맛. 가족들 중엔 저만 좋아함ㅋㅋ 국수는 면이 쫄깃한거빼곤 진짜 평범하고 불고기 파전만 특이한데 후추에 찍먹 추천.",3
이영자 결혼못하고 죽어도 이  ㅣㅂ앗가곤 못죽는다는 전참시맛집 ,4
,5
메뉴 하나하나 다 맛있음,4
금요일에 퇴근하고 먹는 도동탕면과 불고기파전.,4
최악입니다. 서비스도 엉망이고 맛도 특별나지 않습니다. 여기서 어렵게 줄 서시는 것 보다는 후암에 다른 밥집 가시는걸 추천합니다. 특히 테이블마다 반찬의 종류가 다른 것에서 찬 아끼시는 것이 작은 것 챙기려다 손님 놓치는 상황으로 가지 않을까 합니다.,1
"진짜.. 실망했어요..
다 조미료 맛+특색없어요.. 가게 분위기도 예쁘고 줄서서 들어가는데 하아 너무 당황스러웠습니다",1
"음식은 특색있고 괜찮은데 가게가 넘 작아서 애매함
식사 시간엔 대기시간이 길어서 불편하고
천천히 술 마시기엔 테이블이 부족하니 눈치가 보이고..
작은 가게라 어쩔수 없겠다만 좀 아쉬움",3
"두번째 갔는데 분위기는 술 마시기 좋은 분위기나 오래 앉아있을 수 없음.
진짜 눈치줌. 두시간도 안됐는데 계속 쳐다보고 두시간 다 되어 간다며 말해줌 ㅎㅎ
시끄럽고 좁고. 연어는 맛없음",2
"1.아줌마 태도.반말 찍찍. 굉장히 기분 나쁘게말한다
2.음식 비싸다
3.굉장히 좁아서 불편할것이다.
4.맛 지극히 평범하다
왜가는건지.?? 장점이 없다.. 비추",1
멸치향이 엄청 강한 도동면.. 겉보기에 고기가 얹어져 고기국수인줄 알았는데 멸치향이 강해요. 맛은 있는데 확실히 좀 많이 짭니다.. 불고기전은 신기해서 먹었는데 추천해줄 정도까진 아니에요,4
"불친절
카운터 아줌마가 자꾸 반말함",1
짜고 불친절 하고...  갈 이유가 없는 곳 !,1
"맛도 유별나지 않고
2시간만에 나가야하며 
주인장 눈치봐야하는 이상한 서비스태도
재방문 의사 x ",1
동동비면 불고기파전,4
옛날 온반 느낌이네요. 꽤 맛있었어요. 쑥도 들어있고 목이버섯도 잘 어울렸고. 도동 탕면이 제일 기본인것 같아 먹어봤는데 다음에 기회되면 다른 안주들도 맛보고 싶네요.,4
불고기파전은 맛있는데 불친절하니 영 마음이 불편해요,2
"해산물 알레르기가 있어서 리뷰에 해산물이야기가 있길래 전화로 먼저 해산물들어가는게 있나 확인을 하려고 했습니다. 워낙유명하다하니까 궁금해서 가기전에 연락을했더니 왜물어보냐는식으로 짜증내고 알레르기가있어서 그렇다고하니까 &quot;해산물없는거먹으면되는거아니에요?&quot;라고 답하는 이상한 사장인지 홀서빙하는사람... 바빠서 그런거 하나하나 답할수가없다고요? ㅋㅋㅋㅋ어이가없네요 육수에 해산물들어간다 뭐가들어간다 이말하나도 못해주는건가요?
알레르기 올라와서 병원 실려가도 그렇게 말하실건지 궁금하네요 진짜 싸가지없네요 그런식으로 장사하지 마세요 절대안갈겁니다
지인분이 갔는데 바퀴벌레도 나왔다하네요.... 가지마세요 여러분",1
"점심 식사로만 먹어봄.
면 2개 종류 별로 시켰는데 먹는다면 도동탕면인가 미소(된장) 맑은 것 추천하나 잔치국수와 우동을 섞은 듯한 끔찍한 혼종이었음. ",2
"맛은 적당하나 가성비가 조금 떨어지고 일본가게처럼 자리가 협소하고
여자 두명이 2인석 앉으면 가방 놓을 의자도 없는게 아쉬움",3
"음식먹ㄱㅣ전 컵에 물따르는데 주전자에서 커다란 고춧가루나와서 1차 비호감..
파전, 면 딱히 특별한맛 없어 다음에 다시오진않을듯.",2
"생각 외로 음식이 깔끔해서 좋았다. 불고기 육수에 해산물도 함께여서 좋았다.

야채가 좀 더 많고 간이 좀 약하면 더 좋을 것 같다.

가격은 좀 쎈듯한 기분.",4
"첨 개업했을땐 몇번 갔는데. 요즘 사람 많아서 가기힘듬. 
음식 맛있어요.",4
,3
"그냥 아는맛, 기다릴맛은 전혀아님",2
,4
,4
,4
,3
맛있어요,5
,4
,5
"깔끔한 국물의 도동탕면
파맛이 느껴지지 않을 정도로 진한 불고기 맛의 불고기파전",4
"깔끔한 맛 도동탕면.
비면도 감칠맛 나고 술도 한 잔 해야겠다.",4
도동삼품 Noodle,3
